,num_simplices,normalized_simplices,max_order_simplex,index_study
0,"[   200   4104  25130  70933 115378 121210  86295  41586  13014   2442
    239     10]","[1.00000000e+00 2.06231156e-01 1.91335465e-02 1.09659202e-03
 4.55023360e-05 1.47084117e-06 3.77841162e-08 7.54750592e-10
 1.10715493e-11 1.08770190e-13 6.16312835e-16 1.63727923e-18]",12,0
1,"[   200   4214  27797  84517 145008 157598 116073  60150  22120   5661
    958     96      4]","[1.00000000e+00 2.11758794e-01 2.11641541e-02 1.30659450e-03
 5.71877024e-05 1.91239688e-06 5.08223619e-08 1.09167143e-09
 1.88184009e-11 2.52149076e-13 2.47040877e-15 1.57178806e-17
 4.52864468e-20]",13,1
2,[ 200 1966 4374 3364 1131  198   16],"[1.00000000e+00 9.87939698e-02 3.33028780e-03 5.20059148e-05
 4.46039470e-07 2.40266109e-09 7.00557228e-12]",7,2
3,"[   200   3967  28225 102430 221670 311480 299977 206216 104862  40620
  12086   2660    387     28]","[1.00000000e+00 1.99346734e-01 2.14900259e-02 1.58352136e-03
 8.74213699e-05 3.77970140e-06 1.31344410e-07 3.74264532e-09
 8.92104501e-11 1.80927318e-12 3.11663469e-14 4.35516275e-16
 4.38146373e-18 2.37330042e-20]",14,3
4,[  200  2658  9126 13095  9962  4415  1116   149    10],"[1.00000000e+00 1.33567839e-01 6.94837825e-03 2.02442763e-04
 3.92877560e-06 5.35744885e-08 4.88638666e-10 2.70422349e-12
 8.50741452e-15]",9,4
5,"[  200  3071 15604 39165 58785 58713 41593 21787  8657  2620   583    85
     6]","[1.00000000e+00 1.54321608e-01 1.18806152e-02 6.05473143e-04
 2.31834043e-05 7.12461821e-07 1.82114230e-08 3.95415552e-10
 7.36486875e-12 1.16698566e-13 1.50339072e-15 1.39168735e-17
 6.79296702e-20]",13,5
6,[  200  2662  9091 12070  7632  2638   592    98     9],"[1.00000000e+00 1.33768844e-01 6.92172986e-03 1.86596728e-04
 3.00987908e-06 3.20112119e-08 2.59206174e-10 1.77861680e-12
 7.65667307e-15]",9,6
7,[  200  2660  8482 10754  7555  3583  1177   243    24],"[1.00000000e+00 1.33668342e-01 6.45804781e-03 1.66251964e-04
 2.97951211e-06 4.34784580e-08 5.15347410e-10 4.41024369e-12
 2.04177948e-14]",9,7
8,[  200  2643  8553 10854  7112  2785   719   130    12],"[1.00000000e+00 1.32814070e-01 6.51210598e-03 1.67797919e-04
 2.80480346e-06 3.37950058e-08 3.14812904e-10 2.35938963e-12
 1.02088974e-14]",9,8
9,[  200  2670  8601 10587  6140  1819   263    15],"[1.00000000e+00 1.34170854e-01 6.54865235e-03 1.63670220e-04
 2.42146980e-06 2.20729319e-08 1.15154094e-10 2.72237265e-13]",8,9
10,[ 200 2190 4035 2234  696  176   32    3],"[1.00000000e+00 1.10050251e-01 3.07217908e-03 3.45366271e-05
 2.74485828e-07 2.13569875e-09 1.40111446e-11 5.44474529e-14]",8,10
11,[ 200 2079 4847 4003 1480  304   31    1],"[1.00000000e+00 1.04472362e-01 3.69042181e-03 6.18845651e-05
 5.83676760e-07 3.68893420e-09 1.35732963e-11 1.81491510e-14]",8,11
12,"[   200   3921  29912 123573 318550 555861 695307 651607 472748 271075
 123692  44469  12206   2403    301     18]","[1.00000000e+00 1.97035176e-01 2.27744785e-02 1.91038255e-03
 1.25628535e-04 6.74517978e-06 3.04438965e-07 1.18261138e-08
 4.02186320e-10 1.20740701e-11 3.18966390e-13 7.28081701e-15
 1.38191592e-16 2.03680033e-18 2.05749835e-20 1.06412773e-22]",16,12
13,[  200  3003 11496 18428 16906 10552  4516  1242   195    13],"[1.00000000e+00 1.50904523e-01 8.75285519e-03 2.84888525e-04
 6.66732386e-06 1.28044848e-07 1.97732277e-09 2.25412455e-11
 1.65894583e-13 5.79038684e-16]",10,13
14,[  200  3110 13238 23694 22287 12224  4028   794    91     5],"[1.00000000e+00 1.56281407e-01 1.00791838e-02 3.66298498e-04
 8.78946213e-06 1.48333986e-07 1.76365282e-09 1.44104259e-11
 7.74174721e-14 2.22707186e-16]",10,14
15,[ 200 2305 6035 6304 3505 1032  130],"[1.00000000e+00 1.15829146e-01 4.59494442e-03 9.74569819e-05
 1.38228854e-06 1.25229608e-08 5.69202747e-11]",7,15
16,[ 200 2548 7012 6283 2257  385   26],"[1.00000000e+00 1.28040201e-01 5.33881529e-03 9.71323314e-05
 8.90107059e-07 4.67184101e-09 1.13840549e-11]",7,16
17,[ 200 2493 7076 7313 3677 1021  150    8],"[1.00000000e+00 1.25276382e-01 5.38754378e-03 1.13055664e-04
 1.45012125e-06 1.23894797e-08 6.56772401e-11 1.45193208e-13]",8,17
18,[  200  2674  9588 15700 15899 11449  5946  2144   496    63     3],"[1.00000000e+00 1.34371859e-01 7.30013705e-03 2.42714882e-04
 6.27018703e-06 1.38929630e-07 2.60344580e-09 3.89117797e-11
 4.21967760e-13 2.80611055e-15 7.73614437e-18]",11,18
19,[ 200 2317 6840 8229 5151 1876  408   51    2],"[1.00000000e+00 1.16432161e-01 5.20785747e-03 1.27216609e-04
 2.03143175e-06 2.27646071e-08 1.78642093e-10 9.25606700e-13
 1.70148290e-15]",9,19
20,[ 200 2370 6240 6135 2919  690   57],"[1.00000000e+00 1.19095477e-01 4.75102787e-03 9.48443185e-05
 1.15118410e-06 8.37290986e-09 2.49573512e-11]",7,20
21,[ 200 2534 6839 6549 2895  645   75    4],"[1.00000000e+00 1.27336683e-01 5.20709609e-03 1.01244571e-04
 1.14171907e-06 7.82685052e-09 3.28386200e-11 7.25966039e-14]",8,21
22,"[   200   4027  25725  77627 134601 149141 112513  60660  24330   7318
   1560    205     12]","[1.00000000e+00 2.02361809e-01 1.95865692e-02 1.20007823e-03
 5.30834294e-05 1.80977413e-06 4.92636221e-08 1.10092750e-09
 2.06985395e-11 3.25954238e-13 4.02279507e-15 3.35642242e-17
 1.35859340e-19]",13,22
23,"[   200   3921  26805  92281 190054 257931 243902 165101  80312  27644
   6524   1012     98      5]","[1.00000000e+00 1.97035176e-01 2.04088625e-02 1.42662242e-03
 7.49527723e-05 3.12990292e-06 1.06792068e-07 2.99644297e-09
 6.83247475e-11 1.23130349e-12 1.68235353e-14 1.65692658e-16
 1.10951795e-18 4.23803647e-21]",14,23
24,"[   200   4151  31609 129124 334058 596027 768952 736329 529459 285892
 114745  33545   6916    953     79      3]","[1.00000000e+00 2.08592965e-01 2.40665448e-02 1.99619850e-03
 1.31744521e-04 7.23258021e-06 3.36684301e-07 1.33637462e-08
 4.50432718e-10 1.27340406e-11 2.95894628e-13 5.49225318e-15
 7.83002666e-17 8.07769751e-19 5.40007872e-21 1.77354621e-23]",16,24
25,[  200  2910 10400 14853 10599  4020   761    56     2],"[1.00000000e+00 1.46231156e-01 7.91837978e-03 2.29620646e-04
 4.17999323e-06 4.87813009e-08 3.33202531e-10 1.01635245e-12
 1.70148290e-15]",9,25
26,[ 200 2271 5453 4621 1721  294   19],"[1.00000000e+00 1.14120603e-01 4.15181970e-03 7.14385649e-05
 6.78721422e-07 3.56758768e-09 8.31911708e-12]",7,26
27,[ 200 2229 6089 7175 4970 2283  685  119    9],"[1.00000000e+00 1.12010050e-01 4.63605908e-03 1.10922247e-04
 1.96004966e-06 2.77034105e-08 2.99926063e-10 2.15974897e-12
 7.65667307e-15]",9,27
28,[ 200 2085 5211 4891 2159  479   52    2],"[1.00000000e+00 1.04773869e-01 3.96756510e-03 7.56126425e-05
 8.51458193e-07 5.81249830e-09 2.27681099e-11 3.62983019e-14]",8,28
29,[  200  2639  8475 10256  5893  1718   256    16],"[1.00000000e+00 1.32613065e-01 6.45271814e-03 1.58553110e-04
 2.32405888e-06 2.08473321e-08 1.12089156e-10 2.90386416e-13]",8,29
30,"[   200   3814  24981  87101 195360 304849 342838 282428 171003  75512
  23856   5204    734     59      2]","[1.00000000e+00 1.91658291e-01 1.90201005e-02 1.34654197e-03
 7.70453323e-05 3.69923652e-06 1.50111024e-07 5.12582841e-09
 1.45479340e-10 3.36341301e-12 6.15178200e-14 8.52040112e-16
 8.31006299e-18 5.00088303e-20 1.36710854e-22]",15,30
31,[  200  2833 10344 15977 13919  8429  3899  1283   253    22],"[1.00000000e+00 1.42361809e-01 7.87574235e-03 2.46997176e-04
 5.48932218e-06 1.02282982e-07 1.70717039e-09 2.32853607e-11
 2.15237587e-13 9.79911620e-16]",10,31
32,[  200  2487  7968 10636  7443  2966   694   100     8],"[1.00000000e+00 1.24974874e-01 6.06669712e-03 1.64427738e-04
 2.93534198e-06 3.59913778e-08 3.03866697e-10 1.81491510e-12
 6.80593161e-15]",9,32
33,[  200  3316 16230 35093 41098 29017 12566  3130   376    13],"[1.00000000e+00 1.66633166e-01 1.23572407e-02 5.42521869e-04
 1.62080726e-05 3.52111196e-07 5.50200133e-09 5.68068425e-11
 3.19878786e-13 5.79038684e-16]",10,33
34,[  200  3558 18268 41904 52402 39387 18416  5247   838    65     2],"[1.00000000e+00 1.78793970e-01 1.39089386e-02 6.47816841e-04
 2.06661011e-05 4.77947537e-07 8.06341369e-09 9.52285951e-11
 7.12921337e-13 2.89519342e-15 5.15742958e-18]",11,34
35,[  200  2721  8974 11547  7055  2200   336    18],"[1.00000000e+00 1.36733668e-01 6.83264809e-03 1.78511385e-04
 2.78232402e-06 2.66962343e-08 1.47117018e-10 3.26684717e-13]",8,35
36,[  200  2686  9429 13762 10322  4334  1059   157    12],"[1.00000000e+00 1.34974874e-01 7.17907720e-03 2.12754281e-04
 4.07075103e-06 5.25915817e-08 4.63681315e-10 2.84941670e-12
 1.02088974e-14]",9,36
37,"[  200  3599 18743 43939 59972 55568 38396 20878  9064  3073   762   121
     9]","[1.00000000e+00 1.80854271e-01 1.42705954e-02 6.79277019e-04
 2.36515288e-05 6.74298341e-07 1.68116221e-08 3.78917974e-10
 7.71112052e-12 1.36875837e-13 1.96498067e-15 1.98110787e-17
 1.01894505e-19]",13,37
38,[  200  3450 16951 35154 36938 21893  7766  1675   209    11],"[1.00000000e+00 1.73366834e-01 1.29061977e-02 5.43464902e-04
 1.45674677e-05 2.65663936e-07 3.40032964e-09 3.03998279e-11
 1.77804963e-13 4.89955810e-16]",10,38
39,[  200  3343 17007 40360 54494 46464 26688 10726  3022   561    57     2],"[1.00000000e+00 1.67989950e-01 1.29488351e-02 6.23947301e-04
 2.14911361e-05 5.63824469e-07 1.16852946e-08 1.94667793e-10
 2.57094067e-12 2.49877463e-14 1.46986743e-16 3.27455846e-19]",12,39
40,"[   200   3646  21998  64182 109753 123777  99102  58910  26592   9052
   2215    353     31      1]","[1.00000000e+00 1.83216080e-01 1.67488960e-02 9.92224621e-04
 4.32839699e-05 1.50199082e-06 4.33916390e-08 1.06916648e-09
 2.26229167e-11 4.03189090e-13 5.71185326e-15 5.77959569e-17
 3.50969963e-19 8.47607293e-22]",14,40
41,[  200  2876  9923 13148  8693  3197   661    76     5],"[1.00000000e+00 1.44522613e-01 7.55520024e-03 2.03262119e-04
 3.42831221e-06 3.87944824e-08 2.89417705e-10 1.37933547e-12
 4.25370726e-15]",9,41
42,[  200  2949 10636 15145 11972  6499  2500   642    97     6],"[1.00000000e+00 1.48190955e-01 8.09806609e-03 2.34134834e-04
 4.72147174e-06 7.88631032e-08 1.09462067e-09 1.16517549e-11
 8.25219208e-14 2.67248624e-16]",10,42
43,[  200  2871 10892 18098 17012 10063  3797   879   112     5],"[1.00000000e+00 1.44271357e-01 8.29298005e-03 2.79786875e-04
 6.70912773e-06 1.22111003e-07 1.66250987e-09 1.59531037e-11
 9.52830426e-14 2.22707186e-16]",10,43
44,[  200  3166 13387 24297 23652 13528  4587   825    52],"[1.00000000e+00 1.59095477e-01 1.01926298e-02 3.75620604e-04
 9.32778563e-06 1.64157572e-07 2.00841000e-09 1.49730496e-11
 4.42385555e-14]",9,44
45,"[   200   4119  26848  81967 143741 161982 124509  67567  26327   7316
   1407    175     11]","[1.00000000e+00 2.06984925e-01 2.04416019e-02 1.26717266e-03
 5.66880278e-05 1.96559520e-06 5.45160499e-08 1.22628368e-09
 2.23974702e-11 3.25865155e-13 3.62825171e-15 2.86523865e-17
 1.24537729e-19]",13,45
46,[  200  3133 14297 28125 30134 20669  9881  3320   736    95     5],"[1.00000000e+00 1.57437186e-01 1.08854880e-02 4.34799749e-04
 1.18841321e-05 2.50811122e-07 4.32637873e-09 6.02551812e-11
 6.26145709e-13 4.23143654e-15 1.28935739e-17]",11,46
47,"[   200   4035  30064 115968 270377 416300 447198 345479 193336  77309
  21443   3950    448     25]","[1.00000000e+00 2.02763819e-01 2.28902086e-02 1.79281270e-03
 1.06630251e-04 5.05165562e-06 1.95804869e-07 6.27015053e-09
 1.64478949e-10 3.44345397e-12 5.52953812e-14 6.46725296e-16
 5.07208204e-18 2.11901823e-20]",14,47
48,[ 200 2165 4561 3112  901  108    3],"[1.00000000e+00 1.08793970e-01 3.47266636e-03 4.81101091e-05
 3.55332946e-07 1.31054241e-09 1.31354480e-12]",7,48
49,[  200  3130 12952 23484 23621 14539  5572  1268   149     6],"[1.00000000e+00 1.57286432e-01 9.86142835e-03 3.63051993e-04
 9.31555997e-06 1.76425705e-07 2.43969054e-09 2.30131234e-11
 1.26760476e-13 2.67248624e-16]",10,49
50,[ 200 2403 5403 3770 1126  197   30    3],"[1.00000000e+00 1.20753769e-01 4.11375057e-03 5.82824907e-05
 4.44067589e-07 2.39052644e-09 1.31354480e-11 5.44474529e-14]",8,50
51,[  200  3338 15580 31795 36349 26346 12369  3566   538    27],"[1.00000000e+00 1.67738693e-01 1.18623420e-02 4.91536285e-04
 1.43351801e-05 3.19699541e-07 5.41574522e-09 6.47198724e-11
 4.57698901e-13 1.20261881e-15]",10,51
52,[  200  3463 17362 36686 40382 26091 10317  2464   334    20],"[1.00000000e+00 1.74020101e-01 1.32191259e-02 5.67148927e-04
 1.59256993e-05 3.16605205e-07 4.51728057e-09 4.47195080e-11
 2.84147645e-13 8.90828745e-16]",10,52
53,[  200  3181 13854 25183 23211 11856  3446   553    40     1],"[1.00000000e+00 1.59849246e-01 1.05481955e-02 3.89317762e-04
 9.15386573e-06 1.43868434e-07 1.50882513e-09 1.00364805e-11
 3.40296581e-14 4.45414373e-17]",10,53
54,[ 200 2063 3884 2312  615   88    6],"[1.00000000e+00 1.03668342e-01 2.95721029e-03 3.57424718e-05
 2.42541356e-07 1.06784937e-09 2.62708960e-12]",7,54
55,"[  200  3447 19284 52449 83914 88023 63858 32500 11470  2782   469    53
     3]","[1.00000000e+00 1.73216080e-01 1.46825034e-02 8.10837761e-04
 3.30936835e-05 1.06812847e-06 2.79601146e-08 5.89847407e-10
 9.75800445e-12 1.23914278e-13 1.20941724e-15 8.67757993e-18
 3.39648351e-20]",13,55
56,[  200  3276 14642 27783 27900 16495  6049  1447   238    25     1],"[1.00000000e+00 1.64623116e-01 1.11481651e-02 4.29512584e-04
 1.10030957e-05 2.00161084e-07 2.64854417e-09 2.62618215e-11
 2.02476466e-13 1.11353593e-15 2.57871479e-18]",11,56
57,[  200  3313 15500 30594 30389 16498  5059   868    76     1],"[1.00000000e+00 1.66482412e-01 1.18014314e-02 4.72969369e-04
 1.19846980e-05 2.00197488e-07 2.21507438e-09 1.57534630e-11
 6.46563503e-14 4.45414373e-17]",10,57
58,[  200  3262 15654 33042 36722 23225  8474  1694   148],"[1.00000000e+00 1.63919598e-01 1.19186843e-02 5.10814339e-04
 1.44822824e-05 2.81827292e-07 3.71032622e-09 3.07446617e-11
 1.25909735e-13]",9,58
59,[  199  2389  7972 11160  7905  3056   643    58],"[9.95000000e-01 1.20050251e-01 6.06974265e-03 1.72528540e-04
 3.11754378e-06 3.70834964e-08 2.81536436e-10 1.05265076e-12]",8,59
60,[  200  2711  9098 11601  7503  3086   838   131     9],"[1.00000000e+00 1.36231156e-01 6.92705954e-03 1.79346200e-04
 2.95900455e-06 3.74475360e-08 3.66916848e-10 2.37753878e-12
 7.65667307e-15]",9,60
61,[  200  3121 13675 26511 29352 21675 11629  4614  1269   208    14],"[1.00000000e+00 1.56834171e-01 1.04119080e-02 4.09848040e-04
 1.15757299e-05 2.63018582e-07 5.09173750e-09 8.37401826e-11
 1.07959090e-12 9.26461895e-15 3.61020070e-17]",11,61
62,[  200  2875 10338 15407 12784  7151  2963   925   198    20],"[1.00000000e+00 1.44472362e-01 7.87117405e-03 2.38185235e-04
 5.04170520e-06 8.67748963e-08 1.29734442e-09 1.67879646e-11
 1.68446807e-13 8.90828745e-16]",10,62
63,[ 200 2441 6106 5163 2214  666  143   15],"[1.00000000e+00 1.22663317e-01 4.64900259e-03 7.98176392e-05
 8.73148883e-07 8.08167822e-09 6.26123022e-11 2.72237265e-13]",8,63
64,[ 200 2305 5511 5096 2481  749  148   14],"[1.00000000e+00 1.15829146e-01 4.19597990e-03 7.87818496e-05
 9.78447325e-07 9.08885433e-09 6.48015435e-11 2.54088114e-13]",8,64
65,"[   200   4090  28475  96767 192095 247702 221300 142146  66649  22537
   5227    751     57      2]","[1.00000000e+00 2.05527638e-01 2.16803716e-02 1.49597395e-03
 7.57576941e-05 3.00577756e-06 9.68958215e-08 2.57982921e-09
 5.67010670e-11 1.00383037e-12 1.34789422e-14 1.22959670e-16
 6.45331867e-19 1.69521459e-21]",14,65
66,[  200  3285 14891 27629 26115 14476  5223  1317   228    20],"[1.00000000e+00 1.65075377e-01 1.13377494e-02 4.27131814e-04
 1.02991342e-05 1.75661222e-07 2.28688150e-09 2.39024318e-11
 1.93969051e-13 8.90828745e-16]",10,66
67,[  200  3257 13477 21155 16459  8157  2975   742   106     6],"[1.00000000e+00 1.63668342e-01 1.02611543e-02 3.27046709e-04
 6.49103770e-06 9.89823562e-08 1.30259859e-09 1.34666700e-11
 9.01785939e-14 2.67248624e-16]",10,67
68,[ 200 2622 7480 7499 3403  756   77    3],"[1.00000000e+00 1.31758794e-01 5.69514238e-03 1.15931140e-04
 1.34206217e-06 9.17379689e-09 3.37143166e-11 5.44474529e-14]",8,68
69,[  200  3048 11875 18672 15892  8895  3601  1082   232    32     2],"[1.00000000e+00 1.53165829e-01 9.04141922e-03 2.88660654e-04
 6.26742640e-06 1.07937729e-07 1.57669161e-09 1.96373814e-11
 1.97372017e-13 1.42532599e-15 5.15742958e-18]",11,69
70,[  200  3872 22871 57651 75601 59959 32456 12812  3644   683    72     3],"[1.00000000e+00 1.94572864e-01 1.74135831e-02 8.91258322e-04
 2.98152343e-05 7.27581598e-07 1.42108034e-08 2.32526922e-10
 3.10010185e-12 3.04218017e-14 1.85667465e-16 4.91183769e-19]",12,70
71,[  200  3644 19761 46590 58070 42864 20032  6115  1224   156    10],"[1.00000000e+00 1.83115578e-01 1.50456830e-02 7.20260277e-04
 2.29014253e-05 5.20139722e-07 8.77097649e-09 1.10982058e-10
 1.04130754e-12 6.94846421e-15 2.57871479e-17]",11,71
72,[  200  3623 18009 39391 49776 41996 24664  9725  2354   291    10],"[1.00000000e+00 1.82060302e-01 1.37117405e-02 6.08967001e-04
 1.96304692e-05 5.09606844e-07 1.07990897e-08 1.76500493e-10
 2.00264538e-12 1.29615582e-14 2.57871479e-17]",11,72
73,[  200  3987 23891 63062 89864 77540 43345 16252  4034   599    40],"[1.00000000e+00 2.00351759e-01 1.81901934e-02 9.74909929e-04
 3.54402219e-05 9.40920914e-07 1.89785331e-08 2.94960002e-10
 3.43189102e-12 2.66803209e-14 1.03148592e-16]",11,73
74,[  200  3383 16244 33812 37556 24835 10319  2712   435    36     1],"[1.00000000e+00 1.70000000e-01 1.23679001e-02 5.22718190e-04
 1.48111922e-05 3.01364082e-07 4.51815627e-09 4.92204974e-11
 3.70072532e-13 1.60349174e-15 2.57871479e-18]",11,74
75,"[  200  4011 23734 62996 93786 88762 57287 26357  8900  2251   429    58
     4]","[1.00000000e+00 2.01557789e-01 1.80706563e-02 9.73889599e-04
 3.69869653e-05 1.07709598e-06 2.50830137e-08 4.78357172e-10
 7.57159892e-12 1.00262775e-13 1.10626864e-15 9.49621954e-18
 4.52864468e-20]",13,75
76,[  200  3623 18954 44031 56318 44218 22504  7581  1689   242    21     1],"[1.00000000e+00 1.82060302e-01 1.44312471e-02 6.80699297e-04
 2.22104782e-05 5.36570041e-07 9.85333740e-09 1.37588714e-10
 1.43690231e-12 1.07790278e-14 5.41530106e-17 1.63727923e-19]",12,76
77,"[   200   4159  27246  84752 154266 187381 166242 113528  60971  25795
   8482   2097    366     40      2]","[1.00000000e+00 2.08994975e-01 2.07446323e-02 1.31022749e-03
 6.08388372e-05 2.27380322e-06 7.27887716e-08 2.06043681e-09
 5.18705571e-11 1.14894637e-12 2.18726588e-14 3.43337455e-16
 4.14370988e-18 3.39042917e-20 1.36710854e-22]",15,77
78,"[   200   4159  26453  74729 112887 102150  60126  24512   7122   1411
    165      8]","[1.00000000e+00 2.08994975e-01 2.01408558e-02 1.15527646e-03
 4.45199449e-05 1.23955470e-06 2.63260649e-08 4.44871989e-10
 6.05898062e-12 6.28479680e-14 4.25487940e-16 1.30982338e-18]",12,78
79,[  200  2864 10020 13863 10068  4775  1654   377    46     2],"[1.00000000e+00 1.43919598e-01 7.62905436e-03 2.14315695e-04
 3.97057947e-06 5.79429632e-08 7.24201034e-10 6.84222992e-12
 3.91341068e-14 8.90828745e-17]",10,79
80,[ 200 2126 4735 3303  895  110    6],"[1.00000000e+00 1.06834171e-01 3.60514695e-03 5.10628825e-05
 3.52966689e-07 1.33481172e-09 2.62708960e-12]",7,80
81,[  200  3256 15917 34610 39806 26389 10497  2501   331    17],"[1.00000000e+00 1.63618090e-01 1.21189280e-02 5.35054908e-04
 1.56985386e-05 3.20221331e-07 4.59609326e-09 4.53910266e-11
 2.81595421e-13 7.57204434e-16]",10,81
82,[ 200 2406 6646 7340 4150 1229  173    7],"[1.00000000e+00 1.20904523e-01 5.06014923e-03 1.13473072e-04
 1.63666119e-06 1.49134873e-08 7.57477502e-11 1.27044057e-13]",8,82
83,[ 200 2473 7755 9953 6569 2479  547   63    2],"[1.00000000e+00 1.24271357e-01 5.90452261e-03 1.53868867e-04
 2.59065719e-06 3.00818022e-08 2.39503002e-10 1.14339651e-12
 1.70148290e-15]",9,83
84,[  200  3612 18808 44428 61281 56748 37488 17660  5677  1142   121     4],"[1.00000000e+00 1.81507538e-01 1.43200853e-02 6.86836737e-04
 2.41677673e-05 6.88617230e-07 1.64140558e-08 3.20514006e-10
 4.82965922e-12 5.08663214e-14 3.12024489e-16 6.54911692e-19]",12,84
85,[  200  3157 12686 20799 18026  9336  2987   557    55     2],"[1.00000000e+00 1.58643216e-01 9.65890056e-03 3.21543110e-04
 7.10902519e-06 1.13289111e-07 1.30785277e-09 1.01090771e-11
 4.67907798e-14 8.90828745e-17]",10,85
86,[ 200 2616 7234 6960 3157  681   57    3],"[1.00000000e+00 1.31457286e-01 5.50784224e-03 1.07598444e-04
 1.24504563e-06 8.26369800e-09 2.49573512e-11 5.44474529e-14]",8,86
87,[  200  2853 13007 29550 39983 34942 20171  7523  1682   184     4],"[1.00000000e+00 1.43366834e-01 9.90330440e-03 4.56829603e-04
 1.57683432e-05 4.24009009e-07 8.83183740e-09 1.36536063e-10
 1.43094712e-12 8.19562446e-15 1.03148592e-17]",11,87
88,[ 200 2485 7154 8431 5278 2009  496   73    5],"[1.00000000e+00 1.24874372e-01 5.44693163e-03 1.30339438e-04
 2.08151753e-06 2.43785158e-08 2.17172741e-10 1.32488802e-12
 4.25370726e-15]",9,88
89,[ 200 2442 6355 5688 2169  424   41    2],"[1.00000000e+00 1.22713568e-01 4.83858687e-03 8.79339012e-05
 8.55401954e-07 5.14509244e-09 1.79517790e-11 3.62983019e-14]",8,89
90,[ 200 2004 5526 6579 3944 1292  238   26    2],"[1.00000000e+00 1.00703518e-01 4.20740064e-03 1.01708357e-04
 1.55541969e-06 1.56779704e-08 1.04207888e-10 4.71877925e-13
 1.70148290e-15]",9,90
91,[ 200 1935 3466 1905  430   40],"[1.00000000e+00 9.72361809e-02 2.63895234e-03 2.94504363e-05
 1.69581761e-07 4.85386079e-10]",6,91
92,[ 200 1717 1906  426   20],"[1.00000000e+00 8.62814070e-02 1.45119537e-03 6.58576686e-06
 7.88752378e-09]",5,92
93,[ 200 2056 4849 4491 2081  507   62    3],"[1.00000000e+00 1.03316583e-01 3.69194457e-03 6.94288239e-05
 8.20696850e-07 6.15226855e-09 2.71465926e-11 5.44474529e-14]",8,93
94,[  200  2847 10120 14108  9578  3328   549    32],"[1.00000000e+00 1.43065327e-01 7.70519263e-03 2.18103284e-04
 3.77733514e-06 4.03841218e-08 2.40378699e-10 5.80772831e-13]",8,94
95,[ 200 2695 7660 7476 3100  583   49    1],"[1.00000000e+00 1.35427136e-01 5.83219126e-03 1.15575571e-04
 1.22256619e-06 7.07450210e-09 2.14545651e-11 1.81491510e-14]",8,95
96,[ 200 2051 4122 3281 1487  427   79   12    1],"[1.00000000e+00 1.03065327e-01 3.13841937e-03 5.07227725e-05
 5.86437393e-07 5.18149639e-09 3.45900131e-11 2.17789812e-13
 8.50741452e-16]",9,96
97,[ 200 2164 5324 6054 4385 2154  665  117    9],"[1.00000000e+00 1.08743719e-01 4.05360134e-03 9.35920952e-05
 1.72933959e-06 2.61380404e-08 2.91169098e-10 2.12345066e-12
 7.65667307e-15]",9,97
98,[ 200 2392 5813 4899 1759  280   21],"[1.00000000e+00 1.20201005e-01 4.42591747e-03 7.57363189e-05
 6.93707717e-07 3.39770255e-09 9.19481361e-12]",7,98
99,[ 200 1606 1903  574   91    5],"[1.00000000e+00 8.07035176e-02 1.44891122e-03 8.87377976e-06
 3.58882332e-08 6.06732599e-11]",6,99
100,[  200  2952 10640 14988 10475  4025   832    79     3],"[1.00000000e+00 1.48341709e-01 8.10111162e-03 2.31707685e-04
 4.13109058e-06 4.88419742e-08 3.64289758e-10 1.43378293e-12
 2.55222436e-15]",9,100
101,[ 199 2570 6183 4929 1780  338   46    5],"[9.95000000e-01 1.29145729e-01 4.70762905e-03 7.62001053e-05
 7.01989617e-07 4.10151237e-09 2.01410203e-11 9.07457549e-14]",8,101
102,[ 200 2164 5294 4896 2264  582   70    2],"[1.00000000e+00 1.08743719e-01 4.03075986e-03 7.56899402e-05
 8.92867692e-07 7.06236745e-09 3.06493787e-11 3.62983019e-14]",8,102
103,[ 200 1312 1368  469   69    3],"[1.00000000e+00 6.59296482e-02 1.04157149e-03 7.25052736e-06
 2.72119571e-08 3.64039559e-11]",6,103
104,[ 200 2384 6093 4993 1545  176    5],"[1.00000000e+00 1.19798995e-01 4.63910461e-03 7.71895163e-05
 6.09311212e-07 2.13569875e-09 2.18924134e-12]",7,104
105,[ 200 2317 5493 5364 2869  932  188   18],"[1.00000000e+00 1.16432161e-01 4.18227501e-03 8.29250081e-05
 1.13146529e-06 1.13094956e-08 8.23154742e-11 3.26684717e-13]",8,105
106,[ 200 2105 4857 4372 1864  388   46    2],"[1.00000000e+00 1.05778894e-01 3.69803563e-03 6.75891378e-05
 7.35117217e-07 4.70824497e-09 2.01410203e-11 3.62983019e-14]",8,106
107,[ 200 2032 5775 7715 5833 2782  863  153   10],"[1.00000000e+00 1.02110553e-01 4.39698492e-03 1.19270402e-04
 2.30039631e-06 3.37586018e-08 3.77863055e-10 2.77682010e-12
 8.50741452e-15]",9,107
108,"[   200   4196  27456  79530 120780 107340  60205  22773   6179   1188
    141      7]","[1.00000000e+00 2.10854271e-01 2.09045226e-02 1.22949774e-03
 4.76327561e-05 1.30253354e-06 2.63606549e-08 4.13310615e-10
 5.25673143e-12 5.29152275e-14 3.63598785e-16 1.14609546e-18]",12,108
109,"[   200   3598  21036  61054 104272 113881  84536  44940  17539   4877
    882     87      3]","[1.00000000e+00 1.80804020e-01 1.60164459e-02 9.43867159e-04
 4.11223940e-05 1.38190630e-06 3.70139411e-08 8.15622845e-10
 1.49211543e-11 2.17228590e-13 2.27442644e-15 1.42443293e-17
 3.39648351e-20]",13,109
110,"[   200   4001  27627  96220 200453 272903 254549 166696  77144  24815
   5271    657     35]","[1.00000000e+00 2.01055276e-01 2.10347190e-02 1.48751758e-03
 7.90538903e-05 3.31158293e-06 1.11453839e-07 3.02539087e-09
 6.56295986e-11 1.10529577e-12 1.35924057e-14 1.07569245e-16
 3.96256410e-19]",13,110
111,[  200  2462  8404 13011 11133  5762  1840   359    36],"[1.00000000e+00 1.23718593e-01 6.39865997e-03 2.01144161e-04
 4.39059011e-06 6.99198647e-08 8.05640812e-10 6.51554520e-12
 3.06266923e-14]",9,111
112,[ 200 2381 6258 5974 2492  497   59    3],"[1.00000000e+00 1.19648241e-01 4.76473275e-03 9.23553315e-05
 9.82785464e-07 6.03092203e-09 2.58330478e-11 5.44474529e-14]",8,112
113,[  200  3886 20307 42002 43044 25040  8844  1840   193     7],"[1.00000000e+00 1.95276382e-01 1.54613979e-02 6.49331877e-04
 1.69755287e-05 3.03851685e-07 3.87233008e-09 3.33944378e-11
 1.64193100e-13 3.11790061e-16]",10,113
114,[  200  2995 12056 19831 15967  6546  1298   106     3],"[1.00000000e+00 1.50502513e-01 9.17922948e-03 3.06578269e-04
 6.29700461e-06 7.94334318e-08 5.68327051e-10 1.92381000e-12
 2.55222436e-15]",9,114
115,[ 200 2806 8785 9749 5123 1634  378   49],"[1.00000000e+00 1.41005025e-01 6.68874676e-03 1.50715120e-04
 2.02038922e-06 1.98280213e-08 1.65506645e-10 8.89308398e-13]",8,115
116,"[   200   4438  35657 149622 385749 665888 810217 717734 472987 235269
  88819  25120   5080    660     42]","[1.00000000e+00 2.23015075e-01 2.71486219e-02 2.31308828e-03
 1.52130221e-04 8.08031914e-06 3.54752109e-07 1.30262627e-08
 4.02389647e-10 1.04792194e-11 2.29038869e-13 4.11284543e-15
 5.75137875e-17 5.59420814e-19 2.87092793e-21]",15,116
117,"[   200   4038  28874 102771 210782 272009 232980 136999  56551  16638
   3467    474     32]","[1.00000000e+00 2.02914573e-01 2.19841632e-02 1.58879307e-03
 8.31274019e-05 3.30073455e-06 1.02009889e-07 2.48641553e-09
 4.81102798e-11 7.41080433e-13 8.94040417e-15 7.76070356e-17
 3.62291575e-19]",13,117
118,[  200  4352 25889 63177 78831 58603 28887 10162  2644   506    65     4],"[1.00000000e+00 2.18693467e-01 1.97114360e-02 9.76687777e-04
 3.10890694e-05 7.11127010e-07 1.26481229e-08 1.84431672e-10
 2.24936040e-12 2.25379673e-14 1.67616461e-16 6.54911692e-19]",12,118
119,"[   200   4740  35942 124561 235120 266469 189885  85197  22971   3299
    186]","[1.00000000e+00 2.38190955e-01 2.73656160e-02 1.92565659e-03
 9.27257296e-05 3.23350858e-06 8.31408182e-08 1.54625322e-09
 1.95423819e-11 1.46942202e-13 4.79640951e-16]",11,119
120,"[   200   4139  30458 116468 276626 445944 509150 418728 248176 104387
  30029   5498    553     21]","[1.00000000e+00 2.07989950e-01 2.31901934e-02 1.80054248e-03
 1.09094708e-04 5.41137524e-06 2.22930445e-07 7.59955769e-09
 2.11133611e-10 4.64954701e-12 7.74362264e-14 9.00176121e-16
 6.26085127e-18 1.77997532e-20]",14,120
121,"[   200   4080  26435  78915 130877 136750  97929  49628  17337   3899
    529     44      2]","[1.00000000e+00 2.05025126e-01 2.01271509e-02 1.21999012e-03
 5.16147725e-05 1.65941366e-06 4.28780430e-08 9.00706064e-10
 1.47493045e-11 1.73667064e-13 1.36414012e-15 7.20402862e-18
 2.26432234e-20]",13,121
122,[  200  2795 10442 17197 15648  8557  2856   579    71     5],"[1.00000000e+00 1.40452261e-01 7.95035785e-03 2.65857823e-04
 6.17119861e-06 1.03836217e-07 1.25049465e-09 1.05083584e-11
 6.04026431e-14 2.22707186e-16]",10,122
123,[  200  3573 17627 35226 34230 17606  4962   784    71     3],"[1.00000000e+00 1.79547739e-01 1.34208923e-02 5.44577989e-04
 1.34994970e-05 2.13642683e-07 2.17260310e-09 1.42289344e-11
 6.04026431e-14 1.33624312e-16]",10,123
124,[  200  3565 18048 40501 51176 41164 21886  7582  1618   189     9],"[1.00000000e+00 1.79145729e-01 1.37414344e-02 6.26127098e-04
 2.01825959e-05 4.99510814e-07 9.58274718e-09 1.37606863e-10
 1.37649967e-12 8.41833164e-15 2.32084331e-17]",11,124
125,"[   200   4104  27925  92680 186685 263002 283683 244313 168232  90820
  37481  11530   2579    405     41      2]","[1.00000000e+00 2.06231156e-01 2.12616111e-02 1.43279078e-03
 7.36241189e-05 3.19143774e-06 1.24210110e-07 4.43407352e-09
 1.43121936e-10 4.04525333e-12 9.66528090e-14 1.88778295e-15
 2.91984366e-17 3.43280954e-19 2.80257250e-21 1.18236414e-23]",16,125
126,"[   200   4469  30443  92043 150129 146592  90719  36742   9712   1569
    132      3]","[1.00000000e+00 2.24572864e-01 2.31787727e-02 1.42294305e-03
 5.92073029e-05 1.77884290e-06 3.97211570e-08 6.66836105e-10
 8.26240098e-12 6.98855151e-14 3.40390352e-16 4.91183769e-19]",12,126
127,[  200  3213 14773 31950 41304 34992 19906  7607  1904   288    21],"[1.00000000e+00 1.61457286e-01 1.12479062e-02 4.93932514e-04
 1.62893141e-05 4.24615742e-07 8.71580761e-09 1.38060591e-10
 1.61981172e-12 1.28279339e-14 5.41530106e-17]",11,127
128,"[  200  3290 17199 43408 65870 68814 52784 29998 12360  3541   654    66
     2]","[1.00000000e+00 1.65326633e-01 1.30950206e-02 6.71068000e-04
 2.59775596e-05 8.35033941e-07 2.31113829e-08 5.44438231e-10
 1.05151643e-11 1.57721229e-13 1.68647947e-15 1.08060429e-17
 2.26432234e-20]",13,128
129,[  200  3156 13600 24962 24500 14451  5346  1234   168    11],"[1.00000000e+00 1.58592965e-01 1.03548043e-02 3.85901203e-04
 9.66221664e-06 1.75357856e-07 2.34073684e-09 2.23960523e-11
 1.42924564e-13 4.89955810e-16]",10,129
130,[  200  3261 14176 25718 24081 12866  3897   584    29],"[1.00000000e+00 1.63869347e-01 1.07933607e-02 3.97588620e-04
 9.49697301e-06 1.56124432e-07 1.70629470e-09 1.05991042e-11
 2.46715021e-14]",9,130
131,"[   200   4199  29269 100293 206344 286709 287699 214404 119005  48800
  14531   3022    400     26]","[1.00000000e+00 2.11005025e-01 2.22849094e-02 1.55048431e-03
 8.13771604e-05 3.47911393e-06 1.25968509e-07 3.89125056e-09
 1.01242486e-10 2.17362214e-12 3.74713046e-14 4.94785784e-16
 4.52864468e-18 2.20377896e-20]",14,131
132,[  200  2809 12841 28165 36121 30759 18484  7875  2303   442    54     4],"[1.00000000e+00 1.41155779e-01 9.77691488e-03 4.35418130e-04
 1.42452623e-05 3.73249760e-07 8.09318737e-09 1.42924564e-10
 1.95925756e-12 1.96873153e-14 1.39250599e-16 6.54911692e-19]",12,132
133,[  200  2587  9588 15682 13603  6923  2208   456    58     3],"[1.00000000e+00 1.30000000e-01 7.30013705e-03 2.42436610e-04
 5.36469930e-06 8.40081956e-08 9.66768974e-10 8.27601284e-12
 4.93430042e-14 1.33624312e-16]",10,133
134,[  200  3252 13387 21854 17549  7643  1799   187     1],"[1.00000000e+00 1.63417085e-01 1.01926298e-02 3.37852932e-04
 6.92090774e-06 9.27451451e-08 7.87689033e-10 3.39389123e-12
 8.50741452e-16]",9,134
135,[  200  3166 12809 21461 19552 11326  4504  1218   198    13],"[1.00000000e+00 1.59095477e-01 9.75255063e-03 3.31777330e-04
 7.71084325e-06 1.37437068e-07 1.97206860e-09 2.21056659e-11
 1.68446807e-13 5.79038684e-16]",10,135
136,[  200  2763  9090 11957  7907  2822   534    38],"[1.00000000e+00 1.38844221e-01 6.92096848e-03 1.84849799e-04
 3.11833253e-06 3.42439879e-08 2.33810975e-10 6.89667737e-13]",8,136
137,[  200  2930 10701 15932 12581  6176  2033   465    65     4],"[1.00000000e+00 1.47236181e-01 8.14755596e-03 2.46301497e-04
 4.96164684e-06 7.49436106e-08 8.90145527e-10 8.43935520e-12
 5.52981944e-14 1.78165749e-16]",10,137
138,"[   200   3280  19625  61170 115961 145415 126019  76709  32674   9514
   1791    191      8]","[1.00000000e+00 1.64824121e-01 1.49421349e-02 9.45660467e-04
 4.57322573e-05 1.76456042e-06 5.51772008e-08 1.39220322e-09
 2.77971262e-11 4.23767234e-13 4.61847819e-15 3.12720333e-17
 9.05728936e-20]",13,138
139,"[   200   3835  22519  61695  99155 106862  82700  47058  19709   6077
   1411    253     32      2]","[1.00000000e+00 1.92713568e-01 1.71455764e-02 9.53776729e-04
 3.91043710e-05 1.29673318e-06 3.62100517e-08 8.54062746e-10
 1.67672633e-11 2.70678314e-13 3.63856657e-15 4.14231645e-17
 3.62291575e-19 1.69521459e-21]",14,139
140,[  200  3441 15804 29367 27406 14393  4448   800    75     2],"[1.00000000e+00 1.72914573e-01 1.20328917e-02 4.54000506e-04
 1.08082738e-05 1.74654046e-07 1.94754909e-09 1.45193208e-11
 6.38056089e-14 8.90828745e-17]",10,140
141,"[   200   3941  26359  85151 153310 164399 107756  42964   9992   1198
     51]","[1.00000000e+00 1.98040201e-01 2.00692858e-02 1.31639585e-03
 6.04618136e-05 1.99492465e-06 4.71807779e-08 7.79760122e-10
 8.50060859e-12 5.33606418e-14 1.31514454e-16]",11,141
142,"[  200  3573 20230 54385 85646 89501 66744 36647 14760  4206   785    82
     3]","[1.00000000e+00 1.79547739e-01 1.54027714e-02 8.40767443e-04
 3.37767431e-05 1.08606349e-06 2.92237447e-08 6.65111936e-10
 1.25569438e-11 1.87341285e-13 2.02429111e-15 1.34256897e-17
 3.39648351e-20]",13,142
143,"[   200   3602  21619  67028 132574 185650 191954 147004  81468  31266
   7727   1075     61]","[1.00000000e+00 1.81005025e-01 1.64603320e-02 1.03622249e-03
 5.22840289e-05 2.25279814e-06 8.40467263e-08 2.66799779e-09
 6.93082046e-11 1.39263258e-12 1.99257292e-14 1.76007517e-16
 6.90618314e-19]",13,143
144,"[   200   3958  25276  75492 125432 128107  85717  39062  12319   2651
    363     27      1]","[1.00000000e+00 1.98894472e-01 1.92447084e-02 1.16707209e-03
 4.94673942e-05 1.55453386e-06 3.75310399e-08 7.08942135e-10
 1.04802839e-11 1.18079350e-13 9.36073468e-16 4.42065392e-18
 1.13216117e-20]",13,144
145,[  200  3313 13046 20286 16430  8165  2619   504    48     1],"[1.00000000e+00 1.66482412e-01 9.93299832e-03 3.13612363e-04
 6.47960079e-06 9.90794334e-08 1.14672461e-09 9.14717209e-12
 4.08355897e-14 4.45414373e-17]",10,145
146,"[   200   3848  24438  78029 150437 190710 164895  98118  39678  10526
   1713    150      5]","[1.00000000e+00 1.93366834e-01 1.86066697e-02 1.20629296e-03
 5.93287708e-05 2.31419948e-06 7.21989900e-08 1.78075840e-09
 3.37557193e-11 4.68843169e-13 4.41733843e-15 2.45591885e-17
 5.66080585e-20]",13,146
147,[  200  3103 12282 19368 15492  7194  2063   370    40     2],"[1.00000000e+00 1.55929648e-01 9.35130196e-03 2.99420499e-04
 6.10967592e-06 8.72966863e-08 9.03280975e-10 6.71518586e-12
 3.40296581e-14 8.90828745e-17]",10,147
148,[  200  3148 16324 41527 60038 53039 30848 13078  4341  1078   170    12],"[1.00000000e+00 1.58190955e-01 1.24288107e-02 6.41988592e-04
 2.36775576e-05 6.43609806e-07 1.35067433e-08 2.37354596e-10
 3.69306864e-12 4.80156694e-14 4.38381514e-16 1.96473508e-18]",12,148
149,[  200  2792  9719 12902  7822  2410   407    43     1],"[1.00000000e+00 1.40301508e-01 7.39987818e-03 1.99459070e-04
 3.08481055e-06 2.92445113e-08 1.78204245e-10 7.80413492e-13
 8.50741452e-16]",9,149
150,"[   200   3568  22850  75408 151036 200631 185286 120938  55346  17317
   3584    480     42      2]","[1.00000000e+00 1.79296482e-01 1.73975940e-02 1.16577349e-03
 5.95650021e-05 2.43458736e-06 8.11271540e-08 2.19492202e-09
 4.70851364e-11 7.71324069e-13 9.24211380e-15 7.85894031e-17
 4.75507692e-19 1.69521459e-21]",14,150
151,"[    200    4491   39119  185183  553188 1129456 1648778 1763723 1400668
  833298  376383  132369   37441    8581    1502     174      10]","[1.00000000e+00 2.25678392e-01 2.97845287e-02 2.86284522e-03
 2.18164175e-04 1.37055555e-05 7.21914590e-07 3.20100750e-08
 1.19160633e-09 3.71162906e-11 9.70584408e-13 2.16725015e-14
 4.23892464e-16 7.27331818e-18 1.02669851e-19 1.02865680e-21
 5.46200826e-24]",17,151
152,"[   200   3888  23474  65665 102779  99361  62246  25580   6734   1048
     79      2]","[1.00000000e+00 1.95376884e-01 1.78726968e-02 1.01515113e-03
 4.05335904e-05 1.20571116e-06 2.72543032e-08 4.64255282e-10
 5.72889294e-12 4.66794263e-14 2.03718468e-16 3.27455846e-19]",12,152
153,[  200  3239 17042 43275 63435 58968 36672 15695  4651   930   115     7],"[1.00000000e+00 1.62763819e-01 1.29754835e-02 6.69011880e-04
 2.50172536e-05 7.15556158e-07 1.60567717e-08 2.84850924e-10
 3.95679849e-12 4.14235367e-14 2.96552201e-16 1.14609546e-18]",12,153
154,"[   200   4222  26965  79089 130744 136332  95434  46268  15536   3469
    481     41      2]","[1.00000000e+00 2.12160804e-01 2.05306837e-02 1.22268008e-03
 5.15623205e-05 1.65434137e-06 4.17856115e-08 8.39724917e-10
 1.32171192e-11 1.54514246e-13 1.24036181e-15 6.71284485e-18
 2.26432234e-20]",13,154
155,"[   200   3983  26124  82633 150377 172358 129607  64577  21201   4517
    595     42      1]","[1.00000000e+00 2.00150754e-01 1.98903609e-02 1.27746872e-03
 5.93051082e-05 2.09150435e-06 5.67482004e-08 1.17201772e-09
 1.80365695e-11 2.01193672e-13 1.53433530e-15 6.87657277e-18
 1.13216117e-20]",13,155
156,"[   200   4235  30353 104759 205480 251457 203475 112964  43830  11835
   2153    246     14]","[1.00000000e+00 2.12814070e-01 2.31102482e-02 1.61952664e-03
 8.10364194e-05 3.05134318e-06 8.90911762e-08 2.05020069e-09
 3.72879978e-11 5.27147910e-13 5.55197294e-15 4.02770691e-17
 1.58502564e-19]",13,156
157,"[   200   3905  26624  90589 183368 246220 233532 160413  79484  27670
   6474    968     89      4]","[1.00000000e+00 1.96231156e-01 2.02710522e-02 1.40046487e-03
 7.23159731e-05 2.98779401e-06 1.02251582e-07 2.91135975e-09
 6.76203336e-11 1.23246157e-12 1.66945995e-14 1.58488630e-16
 1.00762344e-18 3.39042917e-21]",14,157
158,"[   200   3950  25441  76642 126608 123804  73738  26653   5713    698
     44      1]","[1.00000000e+00 1.98492462e-01 1.93703365e-02 1.18485057e-03
 4.99311806e-05 1.50231845e-06 3.22860555e-08 4.83729321e-10
 4.86028591e-12 3.10899232e-14 1.13463451e-16 1.63727923e-19]",12,158
159,"[   200   4108  27087  86993 166708 209495 178240 102776  39517   9778
   1467    124      5]","[1.00000000e+00 2.06432161e-01 2.06235724e-02 1.34487234e-03
 6.57456658e-05 2.54214892e-06 7.80420751e-08 1.86529714e-09
 3.36187500e-11 4.35526174e-13 3.78297460e-15 2.03022625e-17
 5.66080585e-20]",13,159
160,"[   200   3976  24896  70730 108038  97390  54427  19281   4337    586
     36]","[1.00000000e+00 1.99798995e-01 1.89553830e-02 1.09345373e-03
 4.26076147e-05 1.18179376e-06 2.38307676e-08 3.49933780e-10
 3.68966568e-12 2.61012822e-14 9.28337324e-17]",11,160
161,"[   200   3914  24660  73700 126556 139498 104784  54597  19245   4269
    518     25]","[1.00000000e+00 1.96683417e-01 1.87756967e-02 1.13936859e-03
 4.99106730e-05 1.69275968e-06 4.58794928e-08 9.90889196e-10
 1.63725192e-11 1.90147396e-13 1.33577426e-15 4.09319808e-18]",12,161
162,[  200  3541 19065 48945 75759 80080 60860 33453 12944  3291   471    25],"[1.00000000e+00 1.77939698e-01 1.45157606e-02 7.56667509e-04
 2.98775457e-05 9.71742930e-07 2.66474455e-08 6.07143547e-10
 1.10119974e-11 1.46585870e-13 1.21457467e-15 4.09319808e-18]",12,162
163,"[   200   4139  27590  88572 166281 202478 168999  99355  41440  12108
   2367    274     13]","[1.00000000e+00 2.07989950e-01 2.10065479e-02 1.36928296e-03
 6.55772671e-05 2.45700006e-06 7.39959193e-08 1.80320889e-09
 3.52547258e-11 5.39307722e-13 6.10381791e-15 4.48614509e-17
 1.47180952e-19]",13,163
164,[ 200 2784 8785 9814 5020 1305  145    2],"[1.00000000e+00 1.39899497e-01 6.68874676e-03 1.51719991e-04
 1.97976847e-06 1.58357208e-08 6.34879987e-11 3.62983019e-14]",8,164
165,[  200  2924 10606 15745 12359  5876  1797   345    30],"[1.00000000e+00 1.46934673e-01 8.07522461e-03 2.43410561e-04
 4.87409532e-06 7.13032150e-08 7.86813336e-10 6.26145709e-12
 2.55222436e-14]",9,165
166,"[   200   4158  26957  81404 139475 152732 116895  67262  30623  11297
   3341    745    110      8]","[1.00000000e+00 2.08944724e-01 2.05245927e-02 1.25846893e-03
 5.50056190e-05 1.85334967e-06 5.11822732e-08 1.22074819e-09
 2.60522555e-11 5.03184617e-13 8.61548611e-15 1.21977303e-16
 1.24537729e-18 6.78085835e-21]",14,166
167,"[    200    5289   51159  253655  751325 1445411 1902583 1776566 1211514
  620191  244261   74713   17312    2823     283      13]","[1.00000000e+00 2.65778894e-01 3.89515761e-02 3.92139130e-03
 2.96304690e-04 1.75395594e-05 8.33042670e-07 3.22431645e-08
 1.03068518e-09 2.76241985e-11 6.29879453e-13 1.22326043e-14
 1.95999742e-16 2.39279539e-18 1.93445858e-20 7.68536692e-23]",16,167
168,[  200  2964 11795 20037 18330 10141  3483   713    81     4],"[1.00000000e+00 1.48944724e-01 8.98050860e-03 3.09762936e-04
 7.22891555e-06 1.23057506e-07 1.52502551e-09 1.29403446e-11
 6.89100576e-14 1.78165749e-16]",10,168
169,[  200  3008 11392 17375 13951  6747  2057   394    40     1],"[1.00000000e+00 1.51155779e-01 8.67367139e-03 2.68609622e-04
 5.50194222e-06 8.18724969e-08 9.00653886e-10 7.15076548e-12
 3.40296581e-14 4.45414373e-17]",10,169
170,"[   200   4246  28458  88286 154888 173348 134968  78449  35850  13125
   3807    844    129     10]","[1.00000000e+00 2.13366834e-01 2.16674280e-02 1.36486153e-03
 6.10841392e-05 2.10351765e-06 5.90955049e-08 1.42378274e-09
 3.04990810e-11 5.84606364e-13 9.81716720e-15 1.38186367e-16
 1.46048791e-18 8.47607293e-21]",14,170
171,"[   200   4895  43254 184813 437773 620613 552349 319946 124209  32784
   5753    615     31]","[1.00000000e+00 2.45979899e-01 3.29328460e-02 2.85712519e-03
 1.72647247e-04 7.53092277e-06 2.41845053e-07 5.80674826e-09
 1.05669745e-10 1.46024648e-12 1.48353462e-14 1.00692673e-16
 3.50969963e-19]",13,171
172,"[   200   4680  34551 112034 193576 206412 152058  82535  32954   9154
   1607    149      4]","[1.00000000e+00 2.35175879e-01 2.63065327e-02 1.73199485e-03
 7.63417652e-05 2.50473778e-06 6.65783318e-08 1.49794018e-09
 2.80353338e-11 4.07732317e-13 4.14399467e-15 2.43954605e-17
 4.52864468e-20]",13,172
173,"[   200   4277  30594 105361 208898 263362 222970 129692  51307  13144
   1952    128]","[1.00000000e+00 2.14924623e-01 2.32937414e-02 1.62883329e-03
 8.23843972e-05 3.19580621e-06 9.76270281e-08 2.35379969e-09
 4.36489917e-11 5.85452651e-13 5.03365127e-15 2.09571742e-17]",12,173
174,"[   200   4663  32184  94431 145654 136347  86162  39729  13816   3548
    626     66      3]","[1.00000000e+00 2.34321608e-01 2.45043399e-02 1.45986045e-03
 5.74424695e-05 1.65452339e-06 3.77258824e-08 7.21047619e-10
 1.17538439e-11 1.58033019e-13 1.61427546e-15 1.08060429e-17
 3.39648351e-20]",13,174
175,[  200  2897 12037 22360 22146 12330  3785   601    47     2],"[1.00000000e+00 1.45577889e-01 9.16476321e-03 3.45675462e-04
 8.73385509e-06 1.49620259e-07 1.65725569e-09 1.09076397e-11
 3.99848482e-14 8.90828745e-17]",10,175
176,[  200  3705 21106 55265 81316 74832 45021 17594  4238   562    31],"[1.00000000e+00 1.86180905e-01 1.60697427e-02 8.54371844e-04
 3.20690942e-05 9.08060277e-07 1.97123668e-08 3.19316162e-10
 3.60544227e-12 2.50322877e-14 7.99401585e-17]",11,176
177,"[   200   4416  29918  89615 143061 135868  82587  34208  10259   2337
    399     43      2]","[1.00000000e+00 2.21909548e-01 2.27790467e-02 1.38540727e-03
 5.64198520e-05 1.64871089e-06 3.61605748e-08 6.20846156e-10
 8.72775655e-12 1.04093339e-13 1.02890720e-15 7.04030069e-18
 2.26432234e-20]",13,177
178,[  200  3799 20722 52090 76623 73493 48091 21639  6478  1172   103     2],"[1.00000000e+00 1.90904523e-01 1.57773717e-02 8.05287783e-04
 3.02182867e-05 8.91811978e-07 2.10565610e-08 3.92729478e-10
 5.51110312e-12 5.22025645e-14 2.65607623e-16 3.27455846e-19]",12,178
179,[  200  3049 13282 24479 21444  9578  2217   250     9],"[1.00000000e+00 1.53216080e-01 1.01126846e-02 3.78434242e-04
 8.45700300e-06 1.16225697e-07 9.70709608e-10 4.53728774e-12
 7.65667307e-15]",9,179
180,"[  200  3390 18134 46328 68483 64305 40064 16952  4932   987   138    15
     1]","[1.00000000e+00 1.70351759e-01 1.38069134e-02 7.16209876e-04
 2.70080646e-05 7.80318795e-07 1.75419530e-08 3.07664407e-10
 4.19585684e-12 4.39623986e-14 3.55862641e-16 2.45591885e-18
 1.13216117e-20]",13,180
181,[  200  3334 13993 23331 19341  8859  2264   293    16],"[1.00000000e+00 1.67537688e-01 1.06540277e-02 3.60686682e-04
 7.62762988e-06 1.07500882e-07 9.91288477e-10 5.31770123e-12
 1.36118632e-14]",9,181
182,"[   200   3995  23935  70220 123692 144044 117936  70398  30547   9209
   1781    197     10]","[1.00000000e+00 2.00753769e-01 1.82236942e-02 1.08556936e-03
 4.87811796e-05 1.74792381e-06 5.16380732e-08 1.27766393e-09
 2.59875991e-11 4.10182096e-13 4.59269104e-15 3.22544009e-17
 1.13216117e-19]",13,182
183,"[   200   4252  29221  98978 202177 272942 252126 159256  66753  17490
   2598    191      6]","[1.00000000e+00 2.13668342e-01 2.22483630e-02 1.53015501e-03
 7.97337948e-05 3.31205618e-06 1.10392932e-07 2.89036119e-09
 5.67895441e-11 7.79029738e-13 6.69950102e-15 3.12720333e-17
 6.79296702e-20]",13,183
184,[  200  3250 12250 16596 10323  3368   628    71     5],"[1.00000000e+00 1.63316583e-01 9.32693772e-03 2.56566636e-04
 4.07114540e-06 4.08695079e-08 2.74968712e-10 1.28858972e-12
 4.25370726e-15]",9,184
185,[  200  3423 18738 49076 72812 66902 39768 15488  3868   565    37],"[1.00000000e+00 1.72010050e-01 1.42667885e-02 7.58692710e-04
 2.87153191e-05 8.11832487e-07 1.74123499e-08 2.81094050e-10
 3.29066794e-12 2.51659121e-14 9.54124472e-17]",11,185
186,[  200  3123 12844 20384 15285  6468  1766   317    31     1],"[1.00000000e+00 1.56934673e-01 9.77919903e-03 3.15127398e-04
 6.02804005e-06 7.84869290e-08 7.73240040e-10 5.75328086e-12
 2.63729850e-14 4.45414373e-17]",10,186
187,[  200  2863 11045 18362 16152  8218  2411   384    28     1],"[1.00000000e+00 1.43869347e-01 8.40947160e-03 2.83868195e-04
 6.36996421e-06 9.97225699e-08 1.05565217e-09 6.96927397e-12
 2.38207607e-14 4.45414373e-17]",10,187
188,[  200  3029 11645 18393 15563  7989  2483   439    31],"[1.00000000e+00 1.52211055e-01 8.86630120e-03 2.84347441e-04
 6.13767663e-06 9.69437346e-08 1.08717725e-09 7.96747728e-12
 2.63729850e-14]",9,188
189,[ 200 2207 6107 6943 3884 1191  209   21    1],"[1.00000000e+00 1.10904523e-01 4.64976397e-03 1.07335632e-04
 1.53175712e-06 1.44523705e-08 9.15102878e-11 3.81132170e-13
 8.50741452e-16]",9,189
190,[ 200 2814 8627 8576 3187  483   28],"[1.00000000e+00 1.41407035e-01 6.56844830e-03 1.32581072e-04
 1.25687692e-06 5.86103690e-09 1.22597515e-11]",7,190
191,"[   200   3781  22991  66160 104960 100095  61096  24648   6364    937
     63      1]","[1.00000000e+00 1.90000000e-01 1.75049490e-02 1.02280360e-03
 4.13937248e-05 1.21461799e-06 2.67507777e-08 4.47340273e-10
 5.41411860e-12 4.17353267e-14 1.62459032e-16 1.63727923e-19]",12,191
192,"[    199    5075   46377  213210  584001 1045525 1294244 1147620  744245
  356448  126150   32675    6034     752      57       2]","[9.95000000e-01 2.55025126e-01 3.53106441e-02 3.29612993e-03
 2.30316089e-04 1.26870820e-05 5.66682493e-07 2.08283286e-08
 6.33160072e-10 1.58767062e-11 3.25304871e-13 5.34980989e-15
 6.83146050e-17 6.37400685e-19 3.89625933e-21 1.18236414e-23]",16,192
193,[  200  3180 12905 20900 16802  7408  1814   239    15],"[1.00000000e+00 1.59798995e-01 9.82564337e-03 3.23104524e-04
 6.62630873e-06 8.98935018e-08 7.94256757e-10 4.33764708e-12
 1.27611218e-14]",9,193
194,[  200  2851  9885 14168 11008  5132  1437   221    14],"[1.00000000e+00 1.43266332e-01 7.52626770e-03 2.19030856e-04
 4.34129309e-06 6.22750339e-08 6.29187960e-10 4.01096236e-12
 1.19103803e-14]",9,194
195,[  200  2626  8748 13394 11442  5619  1666   338    59     6],"[1.00000000e+00 1.31959799e-01 6.66057561e-03 2.07065167e-04
 4.51245236e-06 6.81846095e-08 7.29455213e-10 6.13441303e-12
 5.01937457e-14 2.67248624e-16]",10,195
196,[  200  2357  7740 11802 10583  6309  2657   806   165    17],"[1.00000000e+00 1.18442211e-01 5.89310187e-03 1.82453569e-04
 4.17368321e-06 7.65575193e-08 1.16336285e-09 1.46282157e-11
 1.40372340e-13 7.57204434e-16]",10,196
197,[  200  2980 11146 17787 15167  7781  2446   421    28],"[1.00000000e+00 1.49748744e-01 8.48637125e-03 2.74978956e-04
 5.98150366e-06 9.44197270e-08 1.07097686e-09 7.64079256e-12
 2.38207607e-14]",9,197
198,[  200  2693  9178 13101  9934  4539  1372   297    47     4],"[1.00000000e+00 1.35326633e-01 6.98797015e-03 2.02535520e-04
 3.91773306e-06 5.50791853e-08 6.00727823e-10 5.39029784e-12
 3.99848482e-14 1.78165749e-16]",10,198
199,[  200  2667  8984 12845  9766  4494  1268   209    19     1],"[1.00000000e+00 1.34020101e-01 6.84026192e-03 1.98577876e-04
 3.85147786e-06 5.45331260e-08 5.55191603e-10 3.79317255e-12
 1.61640876e-14 4.45414373e-17]",10,199
200,[  200  3293 12895 18357 11853  3978   783    84     4],"[1.00000000e+00 1.65477387e-01 9.81802954e-03 2.83790897e-04
 4.67454097e-06 4.82716456e-08 3.42835193e-10 1.52452868e-12
 3.40296581e-15]",9,200
