,Id,Filename,Species,Genus,Sub-Family,Family,Sub-Order,Order,Super-Order,Name,Common-Name,DTI resolution,SNR,Brain Orientation,GM,WM,log10(GM),log10(WM),log10(BrV),BR,TotFib,CC,AC,HC,Total Commisures,Com Ratio,Total MSP,HMSP (RA),HMSP (LB),AvHMSP,TNetDens,HNetDens,Strong NetDens (>20),Hcost,Tcost,n
0,0,Addax,Addax Nasomaculatus,Addax,Hippotranginae,Bovidae,Ruminantia,Cetartiodactyla,Laurasiatheria,Addax,Addax,1.0,88.27806869,RL,136.87,30.19,5.136308267,4.479863113,5.222872477,167.06,50908,3507,24,217,3748,7.362300621,103.1127258,37.021322,47.50791575,42.26461888,0.2468,14.2925,1.59,677925.3,693075.9,1.0
1,1,Agouti1,Dasyprocta leporina,Dasyprocta,Dasyprocta,Dasyproctidae,Hystricomorpha,Rodentia,Euarchontoglires,Agouti,Red-rumped agouti,0.48,40.92658275,RL,15.20805,3.05587,4.182073532,3.485134875,4.261593996,18.26392,81763,6881,644,3898,11423,13.97086702,135.1040022,53.63527413,55.6047246,54.61999937,0.37459,21.392,1.08,753259.25,826113.0,2.0
2,2,Agouti2,Dasyprocta leporina,Dasyprocta,Dasyprocta,Dasyproctidae,Hystricomorpha,Rodentia,Euarchontoglires,Agouti,Red-rumped agouti,0.49,44.56908761,RL,14.36,2.899,4.15715444,3.462248215,4.237015629,17.259,79663,6670,621,3098,10389,13.041186,131.5193978,50.68514353,53.65050695,52.16782524,0.35247,18.8805,1.07,812097.1,990817.7,2.0
3,3,Armadillo,Chaetophractus villosus,Chaetophractus,Euphractinae,Chlamyphoridae,Cingulata,Xenarthra,Xenarthra,Armadillo,Big hairy armadillo,0.41,50.09108013,RL,9.85,0.55,3.99343623,2.740362689,4.017033339,10.4,72678,2539,2081,2266,6886,9.474669088,137.1595869,53.87539578,51.49653685,52.68596632,0.36667,20.7795,0.99,728665.45,776912.1,1.0
4,4,ArtibeusJamacien,Artibeus jamaicensis,Artibeus,Stenodermatinae,Phyllostomidae,Microchiroptera,Chiroptera,Laurasiatheria,Artibeus Jamacien,"Jamaican fruitbat",0.2,56.3818654,RL,0.8344,0.1332,2.921374295,2.124504225,2.98569586,0.9676,53607,3450,503,1168,5121,9.552856903,109.4302912,43.89409864,50.54743615,47.2207674,0.30078,15.1305,1.5,872486.75,946122.7,1.0
5,5,Asellia,Asellia tridens,Asellia,Hipposideridae,Hipposideridae,Microchiroptera,Chiroptera,Laurasiatheria,Asellia,Trident leaf-nosed bat,0.13,32.74626167,RL,0.096398,0.002098,1.984068024,0.321805484,1.993418594,0.098496,96623,165,109,1575,1849,1.91362305,108.5316026,47.49202631,39.24518848,43.3686074,0.19522,9.6065,1.45,337254.65,357747.7,1.0
6,6,AsianOtter,Amblonyx cinerea,Amblonyx,Lutrinae,Mustelidae,Caniformia,Carnivora,Laurasiatheria,Asian Otter,Asian small clawed otter,0.57,29.24404244,RL,27.55,5.067,4.440121603,3.704750904,4.513444014,32.617,52543,6873,231,938,8042,15.30555926,137.117031,54.3139055,55.29622333,54.80506441,0.36485,20.0335,0.93,714699.6,783857.0,1.0
7,7,Baboon1,Baboon,Papio,Cercopithecinae,Cercopithecidae,Haplorrhini,Primates,Euarchontoglires,Baboon,Hemadryas baboon,0.888,88.80085518,RL,122.5,18.7,5.088136089,4.271841607,5.149834697,141.2,63434,10309,574,715,11598,18.28357033,133.0535412,54.95470671,51.15574362,53.05522516,0.3446,19.793,1.13,752604.8,804698.3,3.0
8,8,Baboon2,Baboon,Papio,Cercopithecinae,Cercopithecidae,Haplorrhini,Primates,Euarchontoglires,Baboon,Hemadryas baboon,0.9,96.94906725,RL,112.5,36.6,5.051152522,4.563481085,5.173477643,149.1,79520,12529,590,669,13788,17.33903421,131.3892283,53.60387807,52.61399408,53.10893607,0.33098,18.4175,1.15,712659.9,781110.2,3.0
9,9,Baboon3,Baboon,Papio,Cercopithecinae,Cercopithecidae,Haplorrhini,Primates,Euarchontoglires,Baboon,Hemadryas baboon,0.85,106.1898464,RL,90.94,30.41,4.95875495,4.48301642,5.084039781,121.35,56507,7267,103,568,7938,14.04781708,122.2314535,50.15648624,48.76397866,49.46023245,0.30434,17.508,1.31,716114.1,769040.0,3.0
10,10,Baboon4,Papio hamadryas (Baboon),Papio,Cercopithecinae,Cercopithecidae,Haplorrhini,Primates,Euarchontoglires,Baboon,Hemadryas baboon,0.933,89.68839699,RL,115.7,33.78,5.063333359,4.528659645,5.174583089,149.48,71394,8389,564,751,9704,13.59217861,132.0325423,54.58268001,50.54121942,52.56194971,0.3143,17.433,1.2,725666.95,782391.2,1.0
11,11,Baboon5,Papio Hamadryas,Papio,Cercopithecinae,Cercopithecidae,Haplorrhini,Primates,Euarchontoglires,Baboon,Hemadryas baboon,0.78,85.76060562,RL,97.84,57.99,4.990516444,4.763353109,5.192651071,155.83,144886,8293,1896,2346,12535,8.651629557,138.4667945,53.35987481,57.39890558,55.3793902,0.30908,16.927,1.21,663237.0,722210.7,1.0
12,12,BactrianDeer1,Cervus bactrianus,Cervus,Cervinae,Cervidae,Ruminantia,Cetartiodactyla,Laurasiatheria,Bactrian Deer,Bactrian deer,0.82,47.37125014,RL,162.78,48.33,5.211601044,4.684216795,5.324508806,211.11,293719,25165,823,3403,29391,10.00650281,128.7073718,52.76265283,54.26695959,53.51480621,0.3291,18.0245,1.21,906823.25,960588.8,2.0
13,13,BactrianDeer2,Cervus bactrianus,Cervus,Cervinae,Cervidae,Ruminantia,Cetartiodactyla,Laurasiatheria,Bactrian Deer,Bactrian deer,1.19,21.83501232,LR,181.17,51.02,5.258086284,4.707740454,5.365843512,232.19,45468,6731,1,214,6946,15.2766781,126.9855219,52.95509991,49.10839625,51.03174808,0.31474,16.874,1.25,674920.2,711187.7,2.0
14,14,Battongia1,Bettongia setosa,Bettongia,Potoroinae,Potoroidae,MacropodiformesPotoroidae,Marsupialia,No placenta,Battongia,"Rat Kangaroo(Rufous bettong)",0.32,28.92076696,RL,6.31,0.566,3.800029359,2.752816431,3.837335868,6.876,72548,0,7531,4614,12145,16.74064068,135.0173476,54.71284302,54.82755366,54.77019834,0.3872,23.0565,0.88,835956.55,956782.4,2.0
15,15,Battongia2,Bettongia setosa,Bettongia,Potoroinae,Potoroidae,MacropodiformesPotoroidae,Marsupialia,No placenta,Battongia,"Rat Kangaroo(Rufous bettong)",0.345,35.64939183,RL,6.7208,0.8702,3.827420972,2.939619079,3.880298991,7.591,94671,0,6469,7466,13935,14.71939665,136.2096794,58.24253644,56.00550736,57.1240219,0.3821,23.533,0.9,966787.3,1091496.4,2.0
16,16,BlanfordFox,Vulpes cana,Vulpes,Caninae,Canidae,Caniformia,Carnivora,Laurasiatheria,Blanford Fox,Blanford fox,0.45,28.76729271,RL,14.12,2.161,4.149834697,3.334654767,4.211681076,16.281,58214,4541,245,1791,6577,11.29796956,132.7119336,51.55579635,52.83055067,52.19317351,0.34541,19.018,1.15,727271.0,794927.4,1.0
17,17,BlindMole1,Spalax ehrenbergi,Spalax,Spalacinae,Spalacidae,Myomorpha,Rodentia,Euarchontoglires,Blind Mole,Blind mole rat,0.2,21.93842158,RL,1.254736,0.055208,3.098552359,1.742002014,3.11725273,1.309944,78581,4257,144,494,4895,6.229241165,115.0870092,48.56982815,44.81578992,46.69280904,0.28459,14.452,1.57,799086.3,978913.4,2.0
18,18,BlindMole2,Spalax ehrenbergi,Spalax,Spalacinae,Spalacidae,Myomorpha,Rodentia,Euarchontoglires,Blind Mole,Blind mole rat,0.225,38.8991088,RL,1.3737,0.088312,3.137891898,1.94601972,3.164950937,1.462012,73793,3683,309,662,4654,6.306831271,123.69243,48.29054119,47.65311738,47.97182928,0.30941,15.7035,1.44,793737.15,937831.6,2.0
19,19,BottleNoseDolphin,Tursiops truncatus,Tursiops,Delphinidae,Delphinidae,Odontoceti,Cetartiodactyla,Laurasiatheria,Bottle Nose Dolphin,Bottlenose dolphin,1.89,53.99942967,LR,1107.8,489.51,6.044461361,5.689761568,6.203389211,1597.31,127701,7692,328,3321,11341,8.880901481,135.1245645,53.47136116,55.01006404,54.2407126,0.30621,17.976,1.35,697903.35,722525.2,1.0
20,20,BrownLemur1,Brown Lemur,Eulemur,Eulemur,Lemuridae,Strepsirrhini,Primates,Euarchontoglires,Brown Lemur,"Common brownlemur",0.48,47.58627504,RL,17.32,1.14,4.238547888,3.056904851,4.266231697,18.46,84509,7589,254,2532,10375,12.27679892,126.6315001,51.3982276,53.46546096,52.43184428,0.35225,20.9875,1.09,827534.05,870622.6,3.0
21,21,BrownLemur2,Brown Lemur,Eulemur,Eulemur,Lemuridae,Strepsirrhini,Primates,Euarchontoglires,Brown Lemur,"Common brownlemur",0.45,23.15622223,RL,13.7839,2.3918,4.139372114,3.378724862,4.208863084,16.1757,57833,5095,127,1610,6832,11.81332457,138.2996887,57.45403224,53.40528115,55.42965669,0.36422,21.024,1.04,718150.15,757920.1,3.0
22,22,BrownLemur3,Brown Lemur,Eulemur,Eulemur,Lemuridae,Strepsirrhini,Primates,Euarchontoglires,Brown Lemur,"Common brownlemur",0.48,29.86174009,RL,16.4,4.61,4.214843848,3.663700925,4.322426052,21.01,99930,10231,819,2483,13533,13.54247974,131.687161,49.98392216,53.87448895,51.92920556,0.34317,19.261,1.31,840271.95,894471.1,3.0
23,23,CapraNubiana1,Capra Nubiana,Capra,Caprinae,Bovidae,Ruminantia,Cetartiodactyla,Laurasiatheria,Capra Nubiana,Nubian ibex,0.74,46.20353289,RL,78.35,15.89,4.894039001,4.201123897,4.974235277,94.24,58372,6129,51,467,6647,11.38730898,133.5441499,52.92966305,51.92306192,52.42636248,0.30387,17.488,1.26,640522.1,682014.9,4.0
24,24,CapraNubiana2,Capra Nubiana,Capra,Caprinae,Bovidae,Ruminantia,Cetartiodactyla,Laurasiatheria,Capra Nubiana,Nubian ibex,0.813,86.05274086,RL,74.87,22.04,4.874307833,4.34321159,4.986368594,96.91,49725,3950,1,1667,5618,11.29813977,132.1707709,52.90928504,49.12013333,51.01470918,0.31009,17.5925,1.24,764347.55,802259.5,4.0
25,25,CapraNubiana3,Capra Nubiana,Capra,Caprinae,Bovidae,Ruminantia,Cetartiodactyla,Laurasiatheria,Capra Nubiana,Nubian ibex,0.773,58.66339405,RL,71.16,17.37,4.852235939,4.239799818,4.947090464,88.53,58090,3617,70,668,4355,7.496987433,125.6779093,49.57243905,51.29727833,50.43485869,0.30443,17.4385,1.17,688504.1,722180.0,4.0
26,26,CapraNubiana4,Capra Nubiana,Capra,Caprinae,Bovidae,Ruminantia,Cetartiodactyla,Laurasiatheria,Capra Nubiana,Nubian ibex,0.8,87.25326159,RL,93.35,21.15,4.970114322,4.325310372,5.058805487,114.5,67474,6858,66,583,7507,11.12576696,120.8398697,45.09973064,51.23756792,48.16864928,0.29895,17.3335,1.28,738827.55,751162.8,4.0
27,27,Capuchin1,Capuchin,Cebus,Cebinae,Cebidae,Haplorrhini,Primates,Euarchontoglires,Capuchin,Wedge-capped capuchin,0.653,38.01589674,RL,48.55,13.41,4.686189234,4.127428778,4.792111409,61.96,87690,12058,184,655,12897,14.7074923,126.0442062,48.57647916,55.0220444,51.79926178,0.33284,19.4285,1.09,777039.7,826207.0,3.0
28,28,Capuchin2,Capuchin,Cebus,Cebinae,Cebidae,Haplorrhini,Primates,Euarchontoglires,Capuchin,Wedge-capped capuchin,0.66,63.59451701,RL,55.04,13.96,4.740678425,4.144885418,4.838849091,69.0,99832,13043,365,263,13671,13.69400593,130.6347153,53.08774459,51.49733027,52.29253743,0.33912,19.708,1.19,769023.65,844761.8,3.0
29,29,Capuchin3,Capuchin,Cebus,Cebinae,Cebidae,Haplorrhini,Primates,Euarchontoglires,Capuchin,Wedge-capped capuchin,0.65,51.92542676,RL,51.4,10.49,4.710963119,4.020775488,4.791620483,61.89,89091,9318,158,1054,10530,11.81937569,138.6528376,53.75585557,56.93933048,55.34759303,0.36677,21.623,1.0,783719.3,827957.3,3.0
30,30,Capybara,Hydrochoerus hydrochaeris,Hydrochoerus,Hydrochoerinae,Caviidae,Hystricomorpha,Rodentia,Euarchontoglires,Capybara,Capybara,0.64,34.13788162,RL,38.99,7.42,4.590953235,3.870403905,4.666611568,46.41,71235,4811,516,2330,7657,10.7489296,122.6682375,48.85887186,51.8457123,50.35229208,0.33338,19.1635,1.2,738067.2,814448.8,1.0
31,31,Caracal,Caracal caracal,Caracal,Felinae,Felidae,Feliformia,Carnivora,Laurasiatheria,Caracal,Caracal,0.6,40.69437936,RL,41.45,20.64,4.617524535,4.314709693,4.79302166,62.09,106215,9579,387,993,10959,10.31775173,134.1411032,58.39869658,50.57538246,54.48703952,0.34493,20.0815,1.06,777185.65,812717.8,1.0
32,32,CarolliaPerspicilatta1,Carollia perspicilatta,carollia,Carolliinae,Phyllostomidae,Yangochiroptera,Chiroptera,Laurasiatheria,Carollia Perspicilatta,Seba's short-tailed bat,0.15,21.93811671,RL,0.33811,0.011266,2.529058016,1.051769747,2.543293068,0.349376,55610,2476,958,948,4382,7.87987772,122.5381534,48.8927833,50.9096426,49.90121295,0.29026,15.8455,1.31,724576.0,788639.7,2.0
33,33,CarolliaPerspicilatta2,Carollia perspicilatta,carollia,Carolliinae,Phyllostomidae,Yangochiroptera,Chiroptera,Laurasiatheria,Carollia Perspicilatta,Seba's short-tailed bat,0.135,15.80328976,RL,0.3,0.0068,2.477121255,0.832508913,2.486855355,0.3068,51841,2742,1643,783,5168,9.9689435,123.4251915,50.34704976,47.15685333,48.75195154,0.28633,15.134,1.3,708312.1,783607.9,2.0
34,34,Cat1,Felis Catus,Felis,Felinae,Felidae,Feliformia,Carnivora,Laurasiatheria,Cat,Domestic cat,0.5,28.34959814,RL,19.18,3.73,4.282848603,3.571708832,4.360025089,22.91,48162,3659,1025,205,4889,10.15115651,133.7570123,52.96307281,55.37093621,54.16700451,0.33818,19.918,1.02,702358.95,736872.5,6.0
35,35,Cat2,Felis Catus,Felis,Felinae,Felidae,Feliformia,Carnivora,Laurasiatheria,Cat,Domestic cat,0.5,38.79520724,RL,17.33,2.25,4.238798563,3.352182518,4.291812687,19.58,51357,5035,251,1139,6425,12.51046595,126.4636012,48.39036203,53.3328757,50.86161887,0.32423,18.5635,1.15,702849.45,748070.2,6.0
36,36,Cat3,Felis Catus,Felis,Felinae,Felidae,Feliformia,Carnivora,Laurasiatheria,Cat,Domestic cat,0.54,46.02277376,RL,17.16,2.848,4.234517284,3.454539985,4.301203679,20.008,43802,4905,298,822,6025,13.75507968,138.133507,56.75428713,55.02496128,55.8896242,0.33649,19.5995,0.99,679385.15,737280.6,6.0
37,37,Cat4,Felis Catus,Felis,Felinae,Felidae,Feliformia,Carnivora,Laurasiatheria,Cat,Domestic cat,0.5,34.35753479,RL,16.37,3.49,4.214048679,3.542825427,4.297979244,19.86,52359,6510,171,1311,7992,15.26385149,132.8858308,53.87014672,53.70854896,53.78934784,0.348,20.388,1.04,787649.4,840660.2,6.0
38,38,Cat5,Felis Catus,Felis,Felinae,Felidae,Feliformia,Carnivora,Laurasiatheria,Cat,Domestic cat,0.48,27.17196539,RL,17.5,3.4229,4.243038049,3.534394211,4.320621879,20.9229,86800,9027,604,1997,11628,13.39631336,135.6896356,58.33839601,56.71802156,57.52820879,0.37544,21.9475,0.83,823544.5,875853.7,6.0
39,39,Cat6,Felis Catus,Felis,Felinae,Felidae,Feliformia,Carnivora,Laurasiatheria,Cat,Domestic cat,0.54,39.15952786,RL,22.89,4.94,4.359645793,3.693726949,4.444513206,27.83,64729,7065,282,702,8049,12.43492098,139.4780563,55.66970472,58.70902676,57.18936574,0.3439,21.0885,0.85,733147.15,761264.0,6.0
40,40,CaucasianSquirrel,Sciurus anomalus,Sciurus,Sciurinae,Sciuridae,Sciuromorpha,Rodentia,Euarchontoglires,Caucasian Squirrel,Caucasian squirrel,0.28,67.19131773,RL,4.77,0.54,3.678518379,2.73239376,3.725094521,5.31,73533,4658,529,905,6092,8.284715706,123.8521771,51.62144991,50.64055782,51.13100387,0.31281,18.805,1.16,646146.75,689906.7,1.0
41,41,ChaerephonPlicata,Chaerephon plicata,Chaerephon,Molossinae,Molossidae,Microchiroptera,Chiroptera,Laurasiatheria,Chaerephon Plicata,Wrinkle-lipped free tailed bat,0.13,24.26538077,RL,0.15027,0.02571,2.176872286,1.410102077,2.245463313,0.17598,27156,0,690,985,1675,6.168065989,95.59257451,39.21578214,40.32757976,39.77168095,0.23248,12.6055,1.48,671919.25,719796.6,1.0
42,42,Chimpanzee,Pan troglodytes (Chimpanzee),Pan,Homininae,Hominidae,Haplorrhini,Primates,Euarchontoglires,Chimpanzee,Chimpanzee,1.377,40.75535411,LR,264.258,105.3,5.422028144,5.022428371,5.567682608,369.558,40984,7480,1,670,8151,19.88824907,144.234869,55.04989232,57.59749764,56.32369498,0.36781,18.806,1.03,690233.35,760415.3,1.0
43,43,Chinchila,Chinchilla chinchilla,Chinchilla,Chinchillinae,Chinchillidae,Hystricomorpha,Rodentia,Euarchontoglires,Chinchila,"Long tailedchinchilla",0.305,39.47214766,RL,3.3855,0.5208,3.529622818,2.716670976,3.591765594,3.9063,65590,1540,465,3907,5912,9.013569142,127.4901636,49.31034493,50.32276228,49.8165536,0.36685,20.0785,1.12,774932.45,905979.8,1.0
44,44,Chital1,Axis Axis,Axis,Cervinae,Cervidae,Ruminantia,Cetartiodactyla,Laurasiatheria,Chital,"Chital (spotteddeer)",0.97,192.7266419,RL,125.71,13.67,5.099369826,4.135768515,5.14420046,139.38,45905,2997,311,109,3417,7.443633591,129.953314,51.59496273,55.27470405,53.43483339,0.33123,20.0135,0.98,751066.7,764138.2,2.0
45,45,Chital2,Axis Axis,Axis,Cervinae,Cervidae,Ruminantia,Cetartiodactyla,Laurasiatheria,Chital,"Chital (spotteddeer)",0.933,198.6921082,RL,103.46,14.99,5.014772474,4.175801633,5.073535065,118.45,32497,2652,161,127,2940,9.046988953,120.7236796,46.56480958,47.13915268,46.85198113,0.29109,16.075,1.34,626290.8,643452.3,2.0
46,46,Colobus2,Angola Colobus,Colobus,Colobinae,Cercopithecidae,Haplorrhini,Primates,Euarchontoglires,Colobus,"Mantled (colobus)guereza",0.7,61.57092511,RL,64.33,17.08,4.808413551,4.232487866,4.910677755,81.41,93133,12701,440,570,13711,14.72195677,140.8735749,59.91466412,59.45794508,59.6863046,0.36791,22.6645,0.88,810714.55,858366.3,1.0
47,47,CommonFox,Vulpes vulpes,Vulpes,Caninae,Canidae,Caniformia,Carnivora,Laurasiatheria,Common Fox,Common (red) fox,0.5,54.30598526,RL,26.64,7.83,4.42553422,3.893761762,4.537441283,34.47,111408,9564,942,1406,11912,10.69223036,140.1897206,54.07660946,54.20542674,54.1410181,0.36032,18.169,1.15,843078.1,944473.1,1.0
48,48,CommonHedgeHog1,Erinaceus concolor,Erinaceus,Erinaceinae,Erinaceidae,Erinaceomorpha,Eulipotyphla,Laurasiatheria,Common Hedge Hog,Southern white-breasted hedgehog,0.24,31.54996223,RL,1.612,0.3408,3.207365037,2.532499586,3.290657766,1.9528,57631,2130,1078,417,3625,6.290017525,101.9778243,39.41039984,44.53187564,41.97113774,0.18824,9.814,1.67,653456.1,714258.9,3.0
49,49,CommonHedgeHog2,Erinaceus concolor,Erinaceus,Erinaceinae,Erinaceidae,Erinaceomorpha,Eulipotyphla,Laurasiatheria,Common Hedge Hog,Southern white-breasted hedgehog,0.25,35.91522194,RL,1.96,0.147,3.292256071,2.167317335,3.323664536,2.107,64686,1681,1552,816,4049,6.259468819,128.345003,48.96192396,52.39377939,50.67785167,0.34639,19.378,1.23,773341.15,869463.5,3.0
50,50,CommonHedgeHog3,Erinaceus concolor,Erinaceus,Erinaceinae,Erinaceidae,Erinaceomorpha,Eulipotyphla,Laurasiatheria,Common Hedge Hog,Southern white-breasted hedgehog,0.266,26.78275791,RL,2.0246,0.1132,3.306339233,2.053846427,3.329967073,2.1378,67071,1223,1647,2195,5065,7.551698946,131.7897244,51.52348342,53.60916972,52.56632657,0.34825,19.6435,1.17,861586.05,964528.3,3.0
51,51,CommonTreeShrew,Tupaia glis,Tupaia,,Tupaiidae,,Scandentia,Euarchontoglires,Common Tree Shrew,Common treeshrew,0.2,18.12112254,RL,1.22007,0.062768,3.086384748,1.797738291,3.108171816,1.282838,55791,2778,328,1549,4655,8.343639655,116.844498,45.79558555,46.89929849,46.34744202,0.26832,14.3,1.59,672085.75,743879.4,1.0
52,52,Cow1,Bos taurus,Bos,Bovinae,Bovidae,Ruminantia,Cetartiodactyla,Laurasiatheria,Cow,Cow,1.5,19.77777853,LR,282.0,46.3,5.450249108,4.665580991,5.516270883,328.3,27950,2643,1,691,3335,11.93202147,111.472644,40.49170131,51.62108778,46.05639455,0.29042,16.152,1.19,638299.0,662778.9,1.0
53,53,Coypu,Myocastor Coypus,Myocastor,Myocastoridae,Echimyidae,Hystricomorpha,Rodentia,Euarchontoglires,Coypu,Coypu (nutria),0.43,59.38401047,RL,13.03,2.068,4.114944416,3.315550534,4.178919421,15.098,117759,8332,3060,234,11626,9.87270612,130.9206598,53.29984714,51.09913942,52.19949328,0.34246,17.758,1.33,792047.0,985349.0,1.0
54,54,Cynopterus,Cynopterus brachyotis,Cynopterus,Cynopterinae,Pteropodidae,Megachiroptera,Chiroptera,Laurasiatheria,Cynopterus,Lesser short-nosed fruit bat,0.22,22.71167015,RL,0.74867,0.18065,2.874290431,2.256837966,2.968165284,0.92932,86393,936,1591,417,2944,3.407683493,113.8120918,40.2405134,47.42239925,43.83145633,0.19836,10.771,1.85,782962.85,832937.5,1.0
55,55,Deer1,Gazella Gazella,Gazella,Antilopinae,Cervidae,Ruminantia,Cetartiodactyla,Laurasiatheria,Deer,Deer,0.66,46.16691666,RL,60.54,12.6,4.782042417,4.100370545,4.864154956,73.14,221848,29438,678,709,30825,13.89464859,141.6988787,54.71172941,54.19624125,54.45398533,0.34684,17.451,1.22,850044.95,974353.4,2.0
56,56,Deer2,Gazella Gazella,Gazella,Antilopinae,Cervidae,Ruminantia,Cetartiodactyla,Laurasiatheria,Deer,Deer,0.66,51.87452359,RL,59.27,9.39,4.772834927,3.972665592,4.836703799,68.66,56547,3264,47,1297,4608,8.14897342,131.952154,51.18853603,55.77655811,53.48254707,0.32981,19.6765,1.01,745361.85,764340.8,2.0
57,57,Dego,Ocotdon degus,Octodon,,Octodontidae,Hystricomorpha,Rodentia,Euarchontoglires,Dego,Common degu,0.23,13.56805218,RL,1.3246,0.2298,3.122084751,2.361350024,3.191562788,1.5544,57156,2931,150,2800,5881,10.28938344,132.2015214,51.57772171,53.27362809,52.4256749,0.33565,18.8655,1.22,684034.25,751009.0,1.0
58,58,DikDik,Madoqua kirkii,Madoqua,Antilopinae,Bovidae,Ruminantia,Cetartiodactyla,Laurasiatheria,Dik Dik,Dik dik,0.5,30.97040424,RL,28.64,3.93,4.456973014,3.59439255,4.512817759,32.57,75867,6027,2535,187,8749,11.53202315,128.7720981,52.05077785,53.11507109,52.58292447,0.31641,18.373,1.2,776823.45,811030.8,1.0
59,59,Dog1,Canis lupus familiaris,Canis,Caninae,Canidae,Caniformia,Carnivora,Laurasiatheria,Dog,Domestic dog,0.75,78.5361296,RL,52.3184,15.4824,4.718654454,4.189838284,4.831234818,67.8008,47360,4367,42,654,5063,10.69045608,107.8059267,45.10675139,41.81971993,43.46323566,0.27225,14.984,1.46,692630.95,694140.0,7.0
60,60,Dog2,Canis lupus familiaris,Canis,Caninae,Canidae,Caniformia,Carnivora,Laurasiatheria,Dog,Domestic dog,0.74,33.40037717,RL,82.82,18.5,4.918135226,4.267171728,5.005695181,101.32,78955,8599,144,134,8877,11.24311317,132.588767,53.8482711,54.76351178,54.30589144,0.3289,19.6125,1.01,770452.6,786617.7,7.0
61,61,Dog3,Canis lupus familiaris,Canis,Caninae,Canidae,Caniformia,Carnivora,Laurasiatheria,Dog,Domestic dog,0.74,55.85557913,RL,59.2,10.98,4.772321707,4.04060234,4.846213364,70.18,42696,5481,153,673,6307,14.77187559,119.1001499,47.14377194,50.96981208,49.05679201,0.29635,17.463,1.22,624845.55,644119.0,7.0
62,62,Dog4,Canis lupus familiaris,Canis,Caninae,Canidae,Caniformia,Carnivora,Laurasiatheria,Dog,Domestic dog,0.74,93.43739446,RL,62.8,10.38,4.797959644,4.016197354,4.864392405,73.18,60410,6473,286,462,7221,11.95331899,127.3120881,51.63995245,55.50411841,53.57203543,0.3437,20.729,1.05,652763.0,685911.9,7.0
63,63,Dog5,Canis lupus familiaris,Canis,Caninae,Canidae,Caniformia,Carnivora,Laurasiatheria,Dog,Domestic dog,0.77,105.3378435,RL,60.93,14.82,4.784831178,4.170848204,4.879382637,75.75,61274,7883,41,756,8680,14.16587786,130.7987354,52.36331516,52.02473709,52.19402613,0.34813,19.9155,1.11,671503.5,705800.8,7.0
64,64,Dog6,Canis lupus familiaris,Canis,Caninae,Canidae,Caniformia,Carnivora,Laurasiatheria,Dog,Domestic dog,0.66,56.82671876,RL,64.67,12.96,4.810702861,4.112605002,4.890029586,77.63,92414,11403,226,659,12288,13.29668665,124.3965727,53.07532989,51.71241859,52.39387424,0.32126,19.596,1.0,793171.8,844460.7,7.0
65,65,Dog7,Canis lupus familiaris,Canis,Caninae,Canidae,Caniformia,Carnivora,Laurasiatheria,Dog,Domestic dog,0.8,153.0368689,RL,58.59,13.66,4.767823498,4.135450699,4.858837851,72.25,36431,4127,1,502,4630,12.70895666,115.4635129,48.1004622,46.26465282,47.18255751,0.27099,15.3855,1.32,728056.9,743989.9,7.0
66,66,Donkey,Equus africanus asinus,Equus,Equinae,Equidae,Hippomorpha,Perissodactyla,Laurasiatheria,Donkey,Donkey,1.3,27.8507704,LR,281.0,63.0,5.44870632,4.799340549,5.536558443,344.0,51337,6438,4,1254,7696,14.991137,136.2069949,53.82044673,52.90838973,53.36441823,0.34675,18.783,1.09,746090.7,804978.9,1.0
67,67,Eonycteris1,Eonycteris spelaea,Eonycteris,Rousettinae,Pteropodidae,Megachiroptera,Chiroptera,Laurasiatheria,Eonycteris,Cave nectar bat,0.175,24.42390029,RL,0.66513,0.03627,2.822906537,1.559547556,2.845965762,0.7014,59003,1548,492,771,2811,4.764164534,112.7349041,46.04578414,43.98842165,45.01710289,0.23622,11.6505,1.59,681548.25,753298.8,2.0
68,68,Eonycteris2,Eonycteris spelaea,Eonycteris,Rousettinae,Pteropodidae,Megachiroptera,Chiroptera,Laurasiatheria,Eonycteris,Cave nectar bat,0.21,17.20132489,RL,0.74743,0.1733,2.873570525,2.238798563,2.964132294,0.92073,29969,655,456,1032,2143,7.150722413,114.2311525,46.81353432,45.61593422,46.21473427,0.26935,14.112,1.36,695598.7,722730.4,2.0
69,69,Eptesicus1,Eptesicus fuscus,Eptesicus,Vespertilioninae,Vespertilionidae,Microchiroptera,Chiroptera,Laurasiatheria,Eptesicus,Big brown bat,0.12,13.77431162,RL,0.12753,0.00552,2.10561236,0.741939078,2.124014879,0.13305,19315,337,530,565,1432,7.413927,122.5085613,43.48490839,50.0615888,46.7732486,0.28905,16.153,1.03,599874.55,656759.4,2.0
70,70,Eptesicus2,Eptesicus fuscus,Eptesicus,Vespertilioninae,Vespertilionidae,Microchiroptera,Chiroptera,Laurasiatheria,Eptesicus,Big brown bat,0.13,23.70183721,LR,0.1153,0.025255,2.061829307,1.402347373,2.147846299,0.140555,23442,310,1019,671,2000,8.531695248,111.064225,42.6087489,47.44937989,45.0290644,0.28285,14.5115,1.31,711239.3,816967.2,2.0
71,71,FallowDeer1,Dama Dama,Dama,Cervinae,Cervidae,Ruminantia,Cetartiodactyla,Laurasiatheria,Fallow Deer,Fallow deer,1.0,195.2648321,RL,149.66,19.97,5.175105741,4.300378065,5.229502662,169.63,49224,5535,357,99,5991,12.17089225,115.8950403,44.88787252,50.18933177,47.53860215,0.28641,16.1405,1.28,753562.6,766996.7,3.0
72,72,FallowDeer2,Dama Dama,Dama,Cervinae,Cervidae,Ruminantia,Cetartiodactyla,Laurasiatheria,Fallow Deer,Fallow deer,1.0,122.942909,RL,142.9,33.54,5.155032229,4.525563058,5.246597049,176.44,53324,2858,68,120,3046,5.712249644,115.5696535,43.6289851,49.59309766,46.61104138,0.29531,16.011,1.28,680101.75,723244.7,3.0
73,73,FallowDeer3,Dama Dama,Dama,Cervinae,Cervidae,Ruminantia,Cetartiodactyla,Laurasiatheria,Fallow Deer,Fallow deer,1.0,85.6659536,RL,146.35,39.07,5.165392727,4.591843411,5.268156577,185.42,56497,4764,188,206,5158,9.129688302,121.3929049,47.92917024,50.63370354,49.28143689,0.28641,17.196,1.3,687039.75,692242.2,3.0
74,74,FennekFox,Vulpes zerda,Vulpes,Caninae,Canidae,Caniformia,Carnivora,Laurasiatheria,Fennek Fox,Fennec fox,0.46,42.39768551,RL,13.1,2.2156,4.117271296,3.345491356,4.185134015,15.3156,57934,4382,264,711,5357,9.246729036,139.3126741,56.9582219,52.06037711,54.50929951,0.34472,18.8205,1.18,693656.25,805086.9,1.0
75,75,Ferret1,Mustela putorius furo,Mustela,Mustelinae,Mustelidae,Caniformia,Carnivora,Laurasiatheria,Ferret,Ferret,0.29,42.02101677,RL,3.865,0.3139,3.587149498,2.496791316,3.621061979,4.1789,58449,3588,324,915,4827,8.258481753,133.7406834,55.74826564,52.5295678,54.13891672,0.34591,20.046,0.97,692460.7,724697.1,4.0
76,76,Ferret2,Mustela putorius furo,Mustela,Mustelinae,Mustelidae,Caniformia,Carnivora,Laurasiatheria,Ferret,Ferret,0.3,27.82658182,RL,3.807378,0.471879,3.580625996,2.67383065,3.63136837,4.279257,53154,4726,265,937,5928,11.15250028,132.670205,53.37099742,53.144616,53.25780671,0.35341,20.649,1.16,814415.35,837221.8,4.0
77,77,Ferret3,Mustela putorius furo,Mustela,Mustelinae,Mustelidae,Caniformia,Carnivora,Laurasiatheria,Ferret,Ferret,0.315,16.98222422,RL,3.8259,0.66587,3.582733614,2.823389449,3.65241751,4.49177,64583,3061,305,2854,6220,9.63101745,134.0678957,50.96725534,54.19586031,52.58155782,0.34814,19.2745,1.1,753223.95,849706.1,4.0
78,78,Ferret4,Mustela putorius furo,Mustela,Mustelinae,Mustelidae,Caniformia,Carnivora,Laurasiatheria,Ferret,Ferret,0.29,18.43018949,RL,4.449,0.577,3.648262406,2.761175813,3.701222484,5.026,65238,5662,562,1179,7403,11.3476808,143.3471628,57.44862917,56.83173628,57.14018273,0.35883,20.787,0.89,769396.9,787305.5,4.0
79,79,FruitBat1,Rousettus aegyptiacus,Rousettus,Pteropodinae,Pteropodidae,Megachiroptera,Chiroptera,Laurasiatheria,Fruit Bat,Egyptian fruit bat,0.22,16.90618718,RL,1.61429,0.29336,3.207981556,2.467400897,3.280498697,1.90765,68963,1817,1588,778,4183,6.065571393,120.3875287,49.12704398,45.3931958,47.26011989,0.29213,16.839,1.49,737874.1,758094.5,5.0
80,80,FruitBat2,Rousettus aegyptiacus,Rousettus,Pteropodinae,Pteropodidae,Megachiroptera,Chiroptera,Laurasiatheria,Fruit Bat,Egyptian fruit bat,0.22,66.75559112,RL,1.595283,0.145654,3.202837737,2.163322416,3.240783055,1.740937,115691,4676,1664,2086,8426,7.283194025,118.9115312,45.56333145,47.21987294,46.39160219,0.26352,14.309,1.69,757338.9,810950.6,5.0
81,81,FruitBat3,Rousettus aegyptiacus,Rousettus,Pteropodinae,Pteropodidae,Megachiroptera,Chiroptera,Laurasiatheria,Fruit Bat,Egyptian fruit bat,0.24,49.39958141,RL,1.44,0.0696,3.158362492,1.84260924,3.178861887,1.5096,48712,1984,2258,751,4993,10.25004106,120.9556596,51.27006057,48.1282664,49.69916349,0.29619,15.754,1.21,724637.4,824736.8,5.0
82,82,FruitBat4,Rousettus aegyptiacus,Rousettus,Pteropodinae,Pteropodidae,Megachiroptera,Chiroptera,Laurasiatheria,Fruit Bat,Egyptian fruit bat,0.215,54.42680745,RL,1.29,0.20604,3.11058971,2.313951541,3.174943206,1.49604,68517,2576,663,1396,4635,6.764744516,115.231759,43.82476538,46.39730957,45.11103747,0.24471,12.8795,1.46,727214.7,767370.3,5.0
83,83,FruitBat5,Rousettus aegyptiacus,Rousettus,Pteropodinae,Pteropodidae,Megachiroptera,Chiroptera,Laurasiatheria,Fruit Bat,Egyptian fruit bat,0.22,42.74831319,RL,1.303,0.12388,3.114944416,2.093001197,3.154387451,1.42688,56847,1373,565,1710,3648,6.417225183,113.8317111,43.07989995,46.79438478,44.93714237,0.2482,14.0845,1.67,738754.55,774318.1,5.0
84,84,Gerbil,Psammomys obesus,Psammomys,Gerbillinae,Muridae,Myomorpha,Rodentia,Euarchontoglires,Gerbil,Gerbil,0.17,24.21905392,RL,0.75061,0.12374,2.875414346,2.092510112,2.941685314,0.87435,87654,2655,1058,269,3982,4.542861706,121.5025913,48.76418501,50.41926515,49.59172508,0.32679,18.2755,1.28,968062.0,1105461.3,1.0
85,85,Giraffe1,Giraffa camelopardalis,Giraffa,Giraffa,Giraffidae,Ruminantia,Cetartiodactyla,Laurasiatheria,Giraffe,Reticulated giraffe,1.496,52.29464685,LR,466.61,127.88,5.668954042,5.106802628,5.774144554,594.49,62887,8498,1,284,8783,13.96632054,127.598147,51.45670574,49.6463096,50.55150767,0.30452,16.81,1.48,723060.3,776578.7,3.0
86,86,Giraffe2,Giraffa camelopardalis,Giraffa,Giraffa,Giraffidae,Ruminantia,Cetartiodactyla,Laurasiatheria,Giraffe,Reticulated giraffe,1.5867,27.34154636,LR,420.91,189.9,5.624189244,5.278524965,5.785906139,610.81,44764,5344,1,150,5495,12.27548923,122.9229846,52.58658687,47.05299281,49.81978984,0.28118,16.271,1.27,669682.9,704948.0,3.0
87,87,Giraffe3,Giraffa camelopardalis,Giraffa,Giraffa,Giraffidae,Ruminantia,Cetartiodactyla,Laurasiatheria,Giraffe,Reticulated giraffe,1.7868,38.7208507,LR,402.96,199.7,5.605261938,5.300378065,5.780072367,602.66,41834,4089,1,92,4182,9.99665344,125.5961683,49.50184361,48.38281469,48.94232915,0.29396,16.8405,1.21,645966.15,644313.8,3.0
88,88,Goat1,Capra aegagrus hircus,Capra,Caprinae,Bovidae,Ruminantia,Cetartiodactyla,Laurasiatheria,Goat,Domestic goat,0.75,87.41895732,RL,75.12,6.92,4.875755579,3.840106094,4.914025652,82.04,50256,4007,45,861,4913,9.775947151,134.7460702,56.83501033,54.74735683,55.79118358,0.31602,18.6545,1.12,753397.45,770613.1,3.0
89,89,Goat2,Capra aegagrus hircus,Capra,Caprinae,Bovidae,Ruminantia,Cetartiodactyla,Laurasiatheria,Goat,Domestic goat,0.8,91.64719874,RL,75.99,15.4,4.880756445,4.187520721,4.960898677,91.39,41614,3847,75,966,4888,11.746047,124.4541606,48.9171009,51.0190206,49.96806075,0.31294,18.097,1.21,711818.85,733967.5,3.0
90,90,Goat3,Capra aegagrus hircus,Capra,Caprinae,Bovidae,Ruminantia,Cetartiodactyla,Laurasiatheria,Goat,Domestic goat,0.8,81.08215305,RL,79.09,13.85,4.898121576,4.141449773,4.968202668,92.94,42175,2563,77,209,2849,6.755186722,123.4564314,52.98172981,46.09517694,49.53845338,0.29818,16.7965,1.14,763129.25,776972.7,3.0
91,91,GoldenSpinyMouse,Acomys russatus,Acomys,Deomyinae,Muridae,Myomorpha,Rodentia,Euarchontoglires,Golden Spiny Mouse,"Golden spinymouse",0.165,37.27832065,RL,0.4431,0.059143,2.64650175,1.77190335,2.700913892,0.502243,49282,2087,187,779,3053,6.19495962,122.2771706,49.3680843,49.39672152,49.38240291,0.31678,17.4305,1.24,814547.7,917463.1,1.0
92,92,Gorilla,Gorilla gorilla,Gorilla,Homininae,Hominidae,Haplorrhini,Primates,Euarchontoglires,Gorilla,"Western lowlandgorilla",1.2983,48.21897912,LR,289.5,86.3,5.461648568,4.936010796,5.574956776,375.8,43090,7467,1,345,7813,18.13181713,141.6548445,59.07334969,53.45874924,56.26604947,0.34822,19.19,1.0,666584.1,686220.2,1.0
93,93,GrayKangaroo1,Macropus giganteus,Macropus,Macropodinae,Macropodidae,MacropodiformesPotoroidae,Marsupialia,No placenta,Gray Kangaroo,"Eastern greykangaroo",0.64,57.85878851,RL,39.88,12.065,4.60075515,4.081527326,4.715543751,51.945,87723,0,6729,1939,8668,9.881103017,133.8787223,57.38377385,53.59764743,55.49071064,0.37012,22.955,0.86,829108.65,880689.5,2.0
94,94,GrayKangaroo3,Macropus giganteus,Macropus,Macropodinae,Macropodidae,MacropodiformesPotoroidae,Marsupialia,No placenta,Gray Kangaroo,"Eastern greykangaroo",0.57,34.0121787,RL,25.56,7.501,4.407560849,3.875119165,4.519315986,33.061,65469,0,6601,3382,9983,15.24843819,134.8355969,58.00794539,55.54783066,56.77788802,0.37614,22.7875,0.95,807184.25,910762.3,2.0
95,95,GreenMonkey1,Green Monkey,Chlorocebus,Cercopithecinae,Cercopithecidae,Haplorrhini,Primates,Euarchontoglires,Green Monkey,"African greenmonkey (grivet)",0.666,52.07322527,RL,46.12,4.72,4.663889299,3.673941999,4.706205542,50.84,87765,5531,515,446,6492,7.397026149,125.0530552,50.53535636,48.01040453,49.27288044,0.30522,15.9775,1.35,772549.7,861781.3,2.0
96,96,GreenMonkey2,Green Monkey,Chlorocebus,Cercopithecinae,Cercopithecidae,Haplorrhini,Primates,Euarchontoglires,Green Monkey,"African greenmonkey (grivet)",0.72,58.84678746,RL,40.98,20.59,4.612571954,4.313656347,4.789369154,61.57,47390,5503,1,320,5824,12.28951256,128.5594299,49.88107592,51.11141598,50.49624595,0.3139,17.18,1.19,687560.45,719487.7,2.0
97,97,Hare,Lepus europaeus,Lepus,Leporinae,Leporidae,,Lagomorpha,Euarchontoglires,Hare,Hare,0.32,24.27577899,RL,6.1513,0.949,3.788966908,2.977266212,3.851276699,7.1003,80137,2982,604,4428,8014,10.00037436,130.0637604,55.54675566,49.53367494,52.5402153,0.34247,20.499,1.03,882341.2,955652.6,1.0
98,98,HimalianBear,Ursus arctos isabellinus,Ursus,Ursidae,Ursidae,Caniformia,Carnivora,Laurasiatheria,Himalian Bear,"Himalayan blackbear",1.26,42.49222377,LR,169.295,48.46,5.228644132,4.68538341,5.337968136,217.755,46547,3663,4,416,4083,8.771779062,124.2922477,53.77715379,49.35699276,51.56707328,0.29518,17.359,1.09,476199.05,526749.8,1.0
99,99,HippArmiger,Hipposideros armiger,Hipposideros,Hipposideridae,Hipposideridae,Microchiroptera,Chiroptera,Laurasiatheria,Hipp Armiger,Great roundleaf bat,0.16,27.45549958,RL,0.40959,0.01901,2.612349345,1.278982117,2.632052167,0.4286,38882,1094,420,1622,3136,8.065428733,113.70149,44.26362801,48.34804693,46.30583747,0.28579,15.1295,1.28,776725.45,870479.5,1.0
100,100,HoneyBadger,Mellivora capensis,Mellivora,Mellivorinae,Mustelidae,Caniformia,Carnivora,Laurasiatheria,Honey Badger,Honey badger,0.65,68.59195201,RL,45.31,7.45,4.656194062,3.872156273,4.722304787,52.76,53746,3708,210,480,4398,8.182934544,127.5390049,51.70248157,49.82232225,50.76240191,0.31097,17.769,1.22,755697.4,775078.0,1.0
101,101,Horse1,Equus ferus caballus,Equus,Equinae,Equidae,Hippomorpha,Perissodactyla,Laurasiatheria,Horse,Horse,1.5,41.3837265,LR,527.9,95.89,5.722551662,4.981773319,5.795038408,623.79,91565,12271,1,238,12510,13.6624256,134.0073143,51.39960877,53.39061812,52.39511345,0.33742,18.5635,1.12,791932.2,815398.3,2.0
102,102,Horse2,Equus ferus caballus,Equus,Equinae,Equidae,Hippomorpha,Perissodactyla,Laurasiatheria,Horse,Horse,1.5,25.86261671,LR,434.86,45.0,5.638349462,4.653212514,5.68111455,479.86,58646,7046,1,694,7741,13.1995362,130.0077557,51.33495464,51.684754,51.50985432,0.33127,19.2075,1.2,687765.9,695277.5,2.0
103,103,HowlerMonkey1,,Aloutta,Alouattinae,Atelidae,Haplorrini,Primates,Euarchontoglires,Howler Monkey,"Black and goldhowler",0.62,74.57289996,RL,43.94,18.53,4.642860053,4.267875419,4.795671506,62.47,144656,14603,372,393,15368,10.6238248,133.3775017,56.20582944,54.37069445,55.28826195,0.32579,19.1055,1.12,816470.65,849738.7,
104,104,HowlerMonkey2,,Aloutta,Alouattinae,Atelidae,Haplorrini,Primates,Euarchontoglires,Howler Monkey,"Black and goldhowler",0.56,55.98168859,RL,36.42,17.95,4.561339941,4.254064453,4.735359333,54.37,206078,20968,227,2053,23248,11.28116538,139.5050899,54.83021008,54.66868543,54.74944776,0.33736,18.228,1.21,897794.05,953347.6,
105,105,Hyaena1,Hyaena hyaena,Hyaena,Hyaeninae,Hyaenidae,Feliformia,Carnivora,Laurasiatheria,Hyaena,Stripped Hyaena,0.83,86.22311737,RL,101.97,16.7,5.008472419,4.222716471,5.074340942,118.67,77732,8108,474,386,8968,11.53707611,135.2954485,51.83326038,56.63788096,54.23557067,0.33421,19.5925,1.13,781394.9,821555.2,2.0
106,106,Hyaena2,Hyaena hyaena,Hyaena,Hyaeninae,Hyaenidae,Feliformia,Carnivora,Laurasiatheria,Hyaena,Stripped Hyaena,0.73,75.74159654,RL,59.85,10.73,4.777064155,4.030599722,4.848681654,70.58,55365,4385,429,902,5716,10.32421205,131.2257341,53.53744678,51.50673517,52.52209098,0.31752,18.2075,1.19,741200.7,778206.9,2.0
107,107,Hyrax1,Procavia capensis,Procavia,,Procaviidae,,Hyracoidea,Afrotheria,Hyrax,Rock hyrax,0.4,27.89860351,RL,11.31,3.053,4.053462605,3.484726804,4.15724516,14.363,102982,9240,695,3187,13122,12.74203259,129.9091864,51.24010503,53.88250794,52.56130648,0.3462,19.111,1.22,874983.95,993951.5,2.0
108,108,Hyrax2,Procavia capensis,Procavia,,Procaviidae,,Hyracoidea,Afrotheria,Hyrax,Rock hyrax,0.32,18.20442772,RL,10.85,2.85,4.035429738,3.45484486,4.136720567,13.7,157647,16197,328,1141,17666,11.20604896,130.7908263,52.19623436,52.3536737,52.27495403,0.34426,19.2325,1.12,807406.9,876640.9,2.0
109,109,IndHogDeer,Hyelaphus porcinus,Hyelaphus,Cervinae,Cervidae,Ruminantia,Cetartiodactyla,Laurasiatheria,Ind Hog Deer,Indian hog deer,0.386,17.49346993,RL,8.277,2.17,3.917872955,3.336459734,4.018991595,10.447,81289,2901,803,2776,6480,7.971558267,120.4869461,50.49969646,50.55718812,50.52844229,0.3674,21.5515,0.95,819690.9,887055.9,1.0
110,110,JungleCat,Felis chaus,Felis,Felinae,Felidae,Feliformia,Carnivora,Laurasiatheria,Jungle Cat,Jungle cat,0.64,83.33488326,RL,38.44,6.77,4.584783379,3.830588669,4.655234507,45.21,36222,3827,347,1245,5419,14.96052123,125.0220415,51.27393864,48.72441448,49.99917656,0.31572,19.0205,1.15,693217.75,703688.7,1.0
111,111,Koala,Phascolarctos cinereus,Phascolarctos,,Phascolarctidae,,Marsupialia,No placenta,Koala,Koala,0.48,60.97899567,RL,13.32,2.84,4.124504225,3.45331834,4.208441356,16.16,54111,0,4925,1013,5938,10.97373917,116.6631742,47.93921376,48.5822126,48.26071318,0.28513,15.302,1.35,872700.35,978013.7,1.0
112,112,Lama1,Lama glama,Lama,,Camelidae,Tylopoda,Cetartiodactyla,Laurasiatheria,Lama,Llama,0.82,35.49254296,RL,153.52,55.1578,5.186164962,4.741606936,5.319476249,208.6778,248379,18021,520,2719,21260,8.559499797,134.0625136,52.90491649,52.71865623,52.81178636,0.32227,18.1835,1.23,821229.7,865410.2,2.0
113,113,Lama2,Lama glama,Lama,,Camelidae,Tylopoda,Cetartiodactyla,Laurasiatheria,Lama,Llama,0.8,65.21251711,RL,163.69,41.86,5.214022149,4.621799224,5.312917481,205.55,273079,26456,300,7576,34332,12.57218607,139.1494788,55.98632922,55.46683402,55.72658162,0.35063,19.242,1.16,858948.35,915372.3,2.0
114,114,LemurCatta1,Lemur Catta,Lemur,Lemur,Lemuridae,Strepsirrhini,Primates,Euarchontoglires,Lemur Catta,Ring tailed lemur,0.49,31.44330952,RL,18.88,2.9495,4.27600199,3.469748401,4.339043788,21.8295,92843,10003,432,1560,11995,12.91966007,141.4975568,55.56566003,57.08714616,56.3264031,0.35897,20.8435,1.03,774074.25,831121.4,2.0
115,115,LemurCatta2,Lemur Catta,Lemur,Lemur,Lemuridae,Strepsirrhini,Primates,Euarchontoglires,Lemur Catta,Ring tailed lemur,0.48,19.42701384,RL,20.19,2.099,4.305136319,3.322012439,4.348090584,22.289,116854,9404,205,812,10421,8.917966009,130.9965323,51.73250885,52.44077343,52.08664114,0.31788,18.426,1.21,930947.35,956479.8,2.0
116,116,Leopard1,Panthera pardus,Panthera,Pantherinae,Felidae,Feliformia,Carnivora,Laurasiatheria,Leopard,Persian leopard,0.93,80.99409919,RL,112.67,25.75,5.051808294,4.410777233,5.141198845,138.42,34280,4510,113,294,4917,14.34364061,122.8410847,50.5018189,49.36687097,49.93434494,0.30315,17.8335,1.02,696028.65,718892.3,2.0
117,117,Leopard2,Panthera pardus,Panthera,Pantherinae,Felidae,Feliformia,Carnivora,Laurasiatheria,Leopard,Persian leopard,0.73,68.39692008,RL,91.83,28.17,4.962984584,4.449786847,5.079181246,120.0,147762,14132,786,2676,17594,11.90698556,135.8933916,51.60779425,54.93640189,53.27209807,0.35276,19.7715,1.14,834132.75,891738.0,2.0
118,118,Lycaon1,Lycaon pictus,Lycaon,Caninae,Canidae,Caniformia,Carnivora,Laurasiatheria,Lycaon,Lycaon,0.8,58.92215009,RL,85.68,21.59,4.932879458,4.334252642,5.030478281,107.27,68119,6567,51,801,7419,10.89123446,131.463903,52.98782886,52.67048005,52.82915446,0.33473,18.89,1.15,739152.3,786063.7,3.0
119,119,Lycaon2,Lycaon pictus,Lycaon,Caninae,Canidae,Caniformia,Carnivora,Laurasiatheria,Lycaon,Lycaon,0.833,75.56040533,RL,102.4,22.56,5.010299957,4.353339095,5.096771017,124.96,73284,8878,67,1815,10760,14.68260466,131.3534433,53.45631702,54.8251253,54.14072116,0.34327,20.17,1.01,783593.8,836029.9,3.0
120,120,Lycaon3,Lycaon pictus,Lycaon,Caninae,Canidae,Caniformia,Carnivora,Laurasiatheria,Lycaon,Lycaon,0.89,107.5487065,RL,107.72,9.9,5.032296345,3.995635195,5.070481175,117.62,56571,6280,1,1048,7329,12.95540118,123.1781777,48.74828621,52.78013939,50.7642128,0.31615,18.815,1.12,761061.5,774844.4,3.0
121,121,Macaque1,Crab-Eating Macaque,Macaca,Cercopithecinae,Cercopithecidae,Haplorrhini,Primates,Euarchontoglires,Macaque,"Crab eatingmacaque",0.68,36.9617487,RL,80.6269,6.07,4.906479962,3.783188691,4.938003569,86.6969,107936,11901,652,556,13109,12.14516009,137.2234841,56.30358027,56.01612585,56.15985306,0.36485,22.122,0.9,763235.2,816628.7,8.0
122,122,Macaque10,Crab-Eating Macaque,Macaca,Cercopithecinae,Cercopithecidae,Haplorrhini,Primates,Euarchontoglires,Macaque,"Crab eatingmacaque",0.7,74.72983098,RL,54.22,12.53,4.734159513,4.097951071,4.82445127,66.75,71814,10994,748,783,12525,17.44088896,140.1399028,53.16240636,57.07800867,55.12020751,0.38037,20.789,1.02,730358.1,806417.5,8.0
123,123,Macaque2,Crab-Eating Macaque,Macaca,Cercopithecinae,Cercopithecidae,Haplorrhini,Primates,Euarchontoglires,Macaque,"Crab eatingmacaque",0.65,55.48515581,RL,48.21,9.42,4.683137131,3.974050903,4.76064862,57.63,78747,9512,609,670,10791,13.70337918,145.1660564,61.52273677,58.61405278,60.06839477,0.38859,22.803,0.79,810800.95,879692.0,8.0
124,124,Macaque3,Crab-Eating Macaque,Macaca,Cercopithecinae,Cercopithecidae,Haplorrhini,Primates,Euarchontoglires,Macaque,"Crab eatingmacaque",0.64,45.26246422,RL,49.77,5.29,4.696967641,3.723455672,4.740836207,55.06,100429,9703,220,299,10222,10.17833494,126.3005499,54.55,52.45,53.5,0.30131,16.0285,1.38,753729.4,799634.4,8.0
125,125,Macaque4,Crab-Eating Macaque,Macaca,Cercopithecinae,Cercopithecidae,Haplorrhini,Primates,Euarchontoglires,Macaque,"Crab eatingmacaque",0.65,47.95814193,RL,45.65,8.63,4.659440782,3.936010796,4.734639839,54.28,79233,7030,375,1281,8686,10.96260397,137.7938288,55.90463831,54.7479907,55.32631451,0.36936,21.3705,0.92,730068.55,781651.7,8.0
126,126,Macaque5,Crab-Eating Macaque,Macaca,Cercopithecinae,Cercopithecidae,Haplorrhini,Primates,Euarchontoglires,Macaque,"Crab eatingmacaque",0.72,29.61739523,RL,54.12,14.51,4.733357788,4.161667412,4.836513999,68.63,80275,10691,1322,315,12328,15.35720959,142.1061189,60.69190331,56.90046411,58.79618371,0.38027,22.4905,0.95,753466.05,810029.3,8.0
127,127,Macaque7,Crab-Eating Macaque,Macaca,Cercopithecinae,Cercopithecidae,Haplorrhini,Primates,Euarchontoglires,Macaque,"Crab eatingmacaque",0.68,47.88646873,RL,57.02,9.3,4.756027213,3.968482949,4.821644518,66.32,64569,6197,1330,1539,9066,14.04079357,143.2223114,57.90524365,59.83234562,58.86879464,0.39096,22.988,0.75,779431.2,859366.5,8.0
128,128,Macaque9,Crab-Eating Macaque,Macaca,Cercopithecinae,Cercopithecidae,Haplorrhini,Primates,Euarchontoglires,Macaque,"Crab eatingmacaque",0.66,46.82633875,RL,55.94,10.39,4.747722462,4.016615548,4.821709997,66.33,84337,8062,442,795,9299,11.02600282,141.2381795,57.30708512,59.13214843,58.21961677,0.37317,22.0635,0.99,735076.45,798123.2,8.0
129,129,MacaqueBlack,Black Macaque,Macaca,Cercopithecinae,Cercopithecidae,Haplorrhini,Primates,Euarchontoglires,Macaque Black,"Crested blackmacaque",0.73,52.54807045,RL,66.72,15.66,4.824256038,4.194791758,4.915821788,82.38,88192,14840,458,599,15897,18.02544448,136.9847566,60.10020919,54.33256194,57.21638556,0.34424,19.7295,0.98,715080.15,790201.1,1.0
130,130,MacaqueLionTail,Macaca Silenus,Macaca,Cercopithecinae,Cercopithecidae,Haplorrhini,Primates,Euarchontoglires,Macaque Lion Tail,Lion-tailed macaque,0.56,52.0657434,RL,57.21,4.27,4.757471948,3.630427875,4.788733859,61.48,280709,10250,329,1036,11615,4.137736945,119.7717887,52.39749172,44.92841187,48.6629518,0.27889,16.0195,1.51,964892.9,1016426.8,1.0
131,131,MacaquePT,Pig Tailed Macaque,Macaca,Cercopithecinae,Cercopithecidae,Haplorrhini,Primates,Euarchontoglires,Macaque P T,Pig-tailed macaque,0.69,52.79345422,RL,63.05,20.53,4.799685091,4.312388949,4.922102367,83.58,96902,18803,993,2018,21814,22.51140327,141.2918072,57.19634626,57.73889883,57.46762254,0.36886,20.8895,1.04,773770.25,874217.6,1.0
132,132,Mandrill1,Mandrill,Mandrillus,Cercopithecinae,Cercopithecidae,Haplorrhini,Primates,Euarchontoglires,Mandrill,Mandrill,0.84,80.19912404,RL,94.75,14.69,4.976579219,4.167021796,5.039176084,109.44,57563,6262,653,480,7395,12.84679395,120.5948324,47.48327389,49.60238375,48.54282882,0.30807,17.151,1.21,713805.75,765695.8,2.0
133,133,Mandrill2,Mandrill,Mandrillus,Cercopithecinae,Cercopithecidae,Haplorrhini,Primates,Euarchontoglires,Mandrill,Mandrill,0.88,74.76513894,RL,117.0,21.0,5.068185862,4.322219295,5.139879086,138.0,70192,8341,533,779,9653,13.75227946,124.5259239,50.67877557,51.36258046,51.02067802,0.30663,18.079,1.34,723467.6,757454.5,2.0
134,134,Mangebi,Mangabey,Cercocebus,Cercopithecinae,Cercopithecidae,Haplorrhini,Primates,Euarchontoglires,Mangebi,Grey-cheeked mangabey,0.78,63.08140313,RL,102.61,26.12,5.011189688,4.416973173,5.109679769,128.73,96709,12986,971,1186,15143,15.65831515,139.5617475,58.31213701,58.56273837,58.43743769,0.37003,22.046,0.89,743984.75,822730.7,1.0
135,135,Mara,D. Salinociola,Dolichotis,Dolichotinae,Caviidae,Hystricomorpha,Rodentia,Euarchontoglires,Mara,Patagonian Mara,0.52,39.73969492,RL,20.36,2.7548,4.308777774,3.440090074,4.36389014,23.1148,51544,3318,63,981,4362,8.462672668,133.9909227,52.05484938,53.38415746,52.71950342,0.31562,18.781,1.21,651286.8,677558.5,1.0
136,136,Marmoset,Cebuella pygmaea (Pygmy marmoset),Cebuella,Cebuella,Callitrichidae,Haplorrhini,Primates,Euarchontoglires,Marmoset,Pygmy marmoset,0.26,26.51662221,RL,3.44,0.44,3.536558443,2.643452676,3.588831726,3.88,130513,12971,524,1307,14802,11.34139894,143.0706283,56.27896088,55.34729238,55.81312663,0.38834,21.534,1.12,965670.7,1118471.3,1.0
137,137,Meerkat1,Suricata suricata,Suricata,Mungotinae,Herpestidae,Feliformia,Carnivora,Laurasiatheria,Meerkat,Meerkat,0.39,41.27332272,RL,8.574,0.92188,3.933183479,2.964674393,3.977535218,9.49588,95475,9851,246,1433,11530,12.07645981,122.0836608,48.1906398,50.73754877,49.46409428,0.36098,20.487,1.2,845713.45,892173.1,5.0
138,138,Meerkat2,Suricata suricata,Suricata,Mungotinae,Herpestidae,Feliformia,Carnivora,Laurasiatheria,Meerkat,Meerkat,0.41,58.33289589,RL,9.86,1.0885,3.993876915,3.036828433,4.039354623,10.9485,39867,4656,164,1298,6118,15.34602553,132.8633961,53.15553132,54.0511401,53.60333571,0.35935,20.103,0.9,680354.75,729177.6,5.0
139,139,Meerkat3,Suricata suricata,Suricata,Mungotinae,Herpestidae,Feliformia,Carnivora,Laurasiatheria,Meerkat,Meerkat,0.36,23.36017123,RL,8.667,0.90541,3.937868797,2.956845287,3.981021292,9.57241,74261,5776,264,1306,7346,9.892137192,136.1570505,56.55642649,51.16973645,53.86308147,0.36708,21.265,1.01,759092.7,800383.8,5.0
140,140,Meerkat4,Suricata suricata,Suricata,Mungotinae,Herpestidae,Feliformia,Carnivora,Laurasiatheria,Meerkat,Meerkat,0.385,29.64546501,RL,8.5205,1.00757,3.930465081,3.003275228,3.979004939,9.52807,81199,5955,183,3362,9500,11.69965147,135.6857369,56.2042536,52.11845383,54.16135371,0.36046,21.089,1.08,823285.75,867513.5,5.0
141,141,Meerkat5,Suricata suricata,Suricata,Mungotinae,Herpestidae,Feliformia,Carnivora,Laurasiatheria,Meerkat,Meerkat,0.4,27.85106859,RL,10.26,1.548,4.011147361,3.189770956,4.072176344,11.808,68876,5140,183,957,6280,9.11783495,126.8524299,51.04036009,46.58452855,48.81244432,0.35075,18.9685,1.16,848862.2,919083.0,5.0
142,142,Merion,Meriones tristrami,Meriones,Gerbillinae,Muridae,Myomorpha,Rodentia,Euarchontoglires,Merion,Tristram's jird (merion),0.16,14.51773662,RL,0.61395,0.1404,2.788133004,2.147367108,2.877572895,0.75435,64789,2447,223,953,3623,5.591998642,117.0122197,47.44080507,51.15958879,49.30019693,0.31605,17.3845,1.2,849993.15,969701.0,1.0
143,143,MiniopterusSchreibersii1,Miniopterus schreibersii,Miniopterus,,Miniopteridae,Microchiroptera,Chiroptera,Laurasiatheria,Miniopterus Schreibersii,Common bent wing bat,0.12,16.82084411,RL,0.10939,0.07986,2.038977622,1.902329306,2.277035888,0.18925,16591,0,712,410,1122,6.76270267,113.7368687,41.85632305,44.79712521,43.32672413,0.2613,12.449,1.23,562865.75,645393.2,1.0
144,144,Mongoose,Herpestes ichneumon,Herpestes,Herpestinae,Herpestidae,Feliformia,Carnivora,Laurasiatheria,Mongoose,Mongoose,0.45,53.60185347,RL,19.0,2.34,4.278753601,3.369215857,4.329194415,21.34,106218,8819,728,1818,11365,10.69969308,125.9503901,49.19599769,53.54179512,51.3688964,0.3482,20.541,1.09,807245.2,843252.7,1.0
145,145,Mouse,Mus musculus,Mus,Murinae,Muridae,Myomorpha,Rodentia,Euarchontoglires,Mouse,Mouse,0.14,29.8450766,RL,0.25847,0.03878,2.412410143,1.588607805,2.473121863,0.29725,48935,956,238,838,2032,4.152447124,119.1114563,45.33402617,49.98965864,47.6618424,0.25789,13.451,1.49,708622.95,768537.7,1.0
146,146,MyotisEmargenitus,Myotis emarginatus,Myotis,Myotinae,Vespertilionidae,Microchiroptera,Chiroptera,Laurasiatheria,Myotis Emargenitus,Geoffroy's bat,0.14,40.89827284,RL,0.1833,0.002,2.263162465,0.301029996,2.267875419,0.1853,36943,0,2652,1605,4257,11.5231573,115.7938311,45.34575401,50.07560371,47.71067886,0.2663,14.351,1.36,756836.15,860286.0,1.0
147,147,MyotisMyotis,Myotis myotis,Myotis,Myotinae,Vespertilionidae,Microchiroptera,Chiroptera,Laurasiatheria,Myotis Myotis,Greater mouse-eared bat,0.14,21.28027549,RL,0.2949,0.01056,2.469674773,1.023663918,2.484954347,0.30546,47517,221,4663,652,5536,11.65056717,122.7817928,47.52585764,50.04355484,48.78470624,0.31419,16.129,1.33,684730.15,829667.3,1.0
148,148,MyotisVivesi1,Myotis Vivesi,Myotis,Myotinae,Vespertilionidae,Microchiroptera,Chiroptera,Laurasiatheria,Myotis Vivesi,Fish eating bat,0.13,21.56363066,RL,0.213898,0.014619,2.330206724,1.164917666,2.358918514,0.228517,43459,0,2581,1589,4170,9.595250696,122.2486188,48.3537155,46.53686096,47.44528823,0.29364,15.449,1.41,651040.85,756127.5,1.0
149,149,Nasua1,Nasua nasua,Nasua,Nasuina,Procyonidae,Caniformia,Carnivora,Laurasiatheria,Nasua,Nasua,0.58,64.51182979,RL,29.7885,3.97892,4.474048635,3.599765207,4.52849788,33.76742,64823,9640,229,947,10816,16.68543572,124.5613921,51.49296927,52.09907506,51.79602216,0.34592,20.0885,0.98,805963.25,857424.5,3.0
150,150,Nasua2,Nasua nasua,Nasua,Nasuina,Procyonidae,Caniformia,Carnivora,Laurasiatheria,Nasua,Nasua,0.59,82.97428414,RL,30.72,5.19157,4.487421211,3.715298714,4.555234392,35.91157,71198,12127,307,857,13291,18.6676592,138.8269735,59.16941061,57.56533472,58.36737266,0.38016,22.999,0.73,843936.85,903607.3,3.0
151,151,Nasua3,Nasua nasua,Nasua,Nasuina,Procyonidae,Caniformia,Carnivora,Laurasiatheria,Nasua,Nasua,0.55,59.13758363,RL,25.176,3.4998,4.40098673,3.544043227,4.457515543,28.6758,82211,10959,197,1350,12506,15.21207624,141.4492587,57.34518417,57.87593805,57.61056111,0.36239,21.2855,0.86,795165.5,848623.0,3.0
152,152,Onager,Equus hemionus,Equus,Equinae,Equidae,Hippomorpha,Perissodactyla,Laurasiatheria,Onager,Onager,1.286,26.0976201,LR,253.01,47.94,5.403137687,4.68069803,5.478494348,300.95,42003,7312,4,871,8187,19.4914649,134.472496,56.12313628,52.7920316,54.45758394,0.34967,19.814,1.07,689643.85,720758.9,1.0
153,153,Orangutan1,Pongo borneo,Pongo,Ponginae,Hominidae,Haplorrhini,Primates,Euarchontoglires,Orangutan,"SumatranOrangutan",1.4022,18.88658994,LR,271.13,76.83,5.433177574,4.885530833,5.541529322,347.96,41140,6844,1,248,7093,17.24112786,129.6306695,52.37326499,53.79156005,53.08241252,0.33578,18.79,1.22,687247.05,735024.7,3.0
154,154,Orangutan2,Pongo borneo,Pongo,Ponginae,Hominidae,Haplorrhini,Primates,Euarchontoglires,Orangutan,"SumatranOrangutan",1.4864,41.85881833,LR,273.4,93.47,5.43679851,4.970672243,5.5645122,366.87,250105,48286,1,1086,49373,19.74090882,135.372065,52.58304229,52.91735785,52.75020007,0.33118,17.8175,1.33,533448.95,578270.6,3.0
155,155,Orangutan3,Pongo borneo,Pongo,Ponginae,Hominidae,Haplorrhini,Primates,Euarchontoglires,Orangutan,"SumatranOrangutan",1.3961,19.33926444,LR,247.2,141.02,5.393048466,5.14928071,5.589077905,388.22,53233,8604,1,489,9094,17.08338812,128.1040019,52.11957986,52.35592503,52.23775245,0.33183,17.994,1.19,596921.3,650028.7,3.0
156,156,Oryx1,Oryx leucoryx,Oryx,Hippotranginae,Bovidae,Ruminantia,Cetartiodactyla,Laurasiatheria,Oryx,Oryx,0.85,58.48403655,RL,134.487,14.71,5.128680306,4.167612673,5.173760091,149.197,66120,5301,46,360,5707,8.631276467,128.3573034,53.06488635,51.05672285,52.0608046,0.31966,19.6005,1.13,731421.05,746788.0,1.0
157,157,Oryx2,Oryx  Gazella,Oryx,Hippotranginae,Bovidae,Ruminantia,Cetartiodactyla,Laurasiatheria,Oryx,Oryx,0.67,42.2020006,RL,58.69,7.222,4.76856411,3.858657484,4.81896449,65.912,52532,3991,1,469,4461,8.491966801,125.1639124,47.95796032,51.03387016,49.49591524,0.27648,15.637,1.46,591657.9,633335.4,2.0
158,158,Oryx3,Oryx  Gazella,Oryx,Hippotranginae,Bovidae,Ruminantia,Cetartiodactyla,Laurasiatheria,Oryx,Oryx,0.975,130.8560718,RL,162.023,12.38,5.209576669,4.092720645,5.241553951,174.403,65236,8234,206,338,8778,13.45576062,118.9248425,49.72054921,46.49616253,48.10835587,0.26515,15.196,1.39,839867.1,857319.8,2.0
159,159,Otter1,Lutra lutra,Lutra,Lutrinae,Mustelidae,Caniformia,Carnivora,Laurasiatheria,Otter,European otter,0.6,56.71933152,RL,37.05,6.53,4.568788212,3.814913181,4.639287226,43.58,86836,9650,46,1976,11672,13.44142982,139.6376536,56.11512834,53.85185303,54.98349068,0.37535,20.5165,1.06,826268.55,897965.6,3.0
160,160,Otter2,Lutra lutra,Lutra,Lutrinae,Mustelidae,Caniformia,Carnivora,Laurasiatheria,Otter,European otter,0.53,50.78750117,RL,25.47,2.522,4.406028945,3.401745082,4.447033929,27.992,74470,9100,356,3421,12877,17.29152679,142.6722716,61.16324302,56.08603585,58.62463943,0.395,22.6735,0.74,772466.45,849787.7,3.0
161,161,Otter3,Lutra lutra,Lutra,Lutrinae,Mustelidae,Caniformia,Carnivora,Laurasiatheria,Otter,European otter,0.65,82.69170478,RL,39.92,6.02,4.601190533,3.779596491,4.662190991,45.94,46464,5181,29,1225,6435,13.84943182,130.9129039,53.48946381,54.73788518,54.11367449,0.33294,19.2535,1.1,804221.8,829844.7,3.0
162,162,PalmSquirrel,Funambulus palmarum,Funambulus,Callosciurina,Sciuridae,Sciuromorpha,Rodentia,Euarchontoglires,Palm Squirrel,"Northen palmsquirrel",0.22,28.02438393,RL,1.174996,0.167,3.070036388,2.222716471,3.127751221,1.341996,58334,3986,346,933,5265,9.025611136,122.4532334,49.09893661,50.32308326,49.71100993,0.31117,16.149,1.29,702021.4,845821.3,1.0
163,163,Pecari1,Pecari,Pecari,Tayassuidae,Tayassuidae,Suina,Cetartiodactyla,Laurasiatheria,Pecari,Pecari,0.74,58.54248107,RL,65.91,15.35,4.818951312,4.18610838,4.909876818,81.26,45150,1640,265,340,2245,4.972314507,122.6904602,46.66751381,50.91701247,48.79226314,0.26821,15.814,1.22,783133.15,785688.7,2.0
164,164,Pecari2,Pecari,Pecari,Tayassuidae,Tayassuidae,Suina,Cetartiodactyla,Laurasiatheria,Pecari,Pecari,0.77,63.18067062,RL,65.8,17.05,4.818225894,4.231724383,4.918292513,82.85,56785,6132,327,618,7077,12.46279827,121.9804094,46.24429927,48.10590331,47.17510129,0.29479,16.475,1.32,686455.05,719720.5,2.0
165,165,Pkuhlii2,Pipistrellus kuhlii,Pipistrellus,Vespertilioninae,Vespertilionidae,Microchiroptera,Chiroptera,Laurasiatheria,Pkuhlii,Kuhl's pipistrelle,0.21,29.81718597,RL,0.50435,0.00253,2.702732025,0.403120521,2.704905156,0.50688,101860,0,719,420,1139,1.118201453,103.7275365,41.72886516,38.3766783,40.05277173,0.14406,7.3705,1.85,589916.95,604680.5,2.0
166,166,Pkuhlii3,Pipistrellus kuhlii,Pipistrellus,Vespertilioninae,Vespertilionidae,Microchiroptera,Chiroptera,Laurasiatheria,Pkuhlii,Kuhl's pipistrelle,0.11,25.41830248,RL,0.0814,0.002778,1.910624405,0.443732241,1.925198603,0.084178,22584,0,1349,903,2252,9.971661353,123.0920702,49.56340795,49.84153021,49.70246908,0.30217,17.1785,1.23,594110.2,656299.1,2.0
167,167,Porcine1,Sus Scrofa,Sus,Suinae,Suidae,Suina,Cetartiodactyla,Laurasiatheria,Porcine,Domestic pig,0.61,36.78585559,RL,60.72,10.25,4.783331763,4.010723865,4.851074805,70.97,136156,16109,589,1406,18104,13.29651282,141.4047436,52.39588688,58.53276521,55.46432604,0.35319,20.227,1.0,934431.7,1008079.2,4.0
168,168,Porcine2,Sus Scrofa,Sus,Suinae,Suidae,Suina,Cetartiodactyla,Laurasiatheria,Porcine,Domestic pig,0.61,61.01781821,RL,66.22,7.07,4.820989176,3.849419414,4.865044722,73.29,50309,5323,97,417,5837,11.6022978,127.2864484,52.25667962,49.30596083,50.78132022,0.3336,17.8985,1.14,769113.35,848461.2,4.0
169,169,Porcupine1,Hystrix Indica,Hystrix,Hystrix,Hystricidae,Hystricomorpha,Rodentia,Euarchontoglires,Porcupine,"Indian crestedporcupine",0.54,61.17241788,RL,25.43,5.641,4.40534636,3.7513561,4.492355231,31.071,96465,5346,262,2231,7839,8.126263412,127.3943439,46.31355702,52.13970531,49.22663116,0.32737,16.462,1.39,801784.75,930316.5,2.0
170,170,Porcupine2,Hystrix Indica,Hystrix,Hystrix,Hystricidae,Hystricomorpha,Rodentia,Euarchontoglires,Porcupine,"Indian crestedporcupine",0.53,41.56891346,RL,25.57,5.82,4.407730728,3.764922985,4.496791316,31.39,96492,8159,610,2346,11115,11.51908967,146.0366655,58.11384892,57.02100588,57.5674274,0.40199,23.3045,0.95,867607.1,1002352.0,2.0
171,171,PrairieDog,Cynomys ludovicianus,Cynomys,Xerinae,Sciuridae,Sciuromorpha,Rodentia,Euarchontoglires,Prairie Dog,Black-tailed prairie dog,0.315,15.66086383,RL,3.288,0.6971,3.516931809,2.843295083,3.600439224,3.9851,47026,2835,687,2046,5568,11.84025858,122.7507443,47.63599669,49.11172965,48.37386317,0.3339,17.863,1.11,722017.9,823842.5,1.0
172,172,PteropusLylei,Pteropus lylei,Pteropus,Pteropodinae,Pteropodidae,Megachiroptera,Chiroptera,Laurasiatheria,Pteropus Lylei,Lyle's flying fox,0.34,17.87390288,RL,4.41097,0.9,3.644534104,2.954242509,3.725173848,5.31097,89391,10094,1324,1930,13348,14.93215201,121.8440049,50.4100777,49.9493718,50.17972475,0.32395,18.78,1.31,829709.7,879596.0,1.0
173,173,Rabbit,Oryctolagus cuniculus,Oryctolagus,Leporidae,Leporidae,,Lagomorpha,Euarchontoglires,Rabbit,Rabbit,0.426,64.65639583,LR,7.0297,0.9759,3.846936791,2.989405318,3.903393887,8.0056,43002,1396,1934,533,3863,8.983303102,124.3126868,51.61089861,46.95180386,49.28135123,0.3183,18.3055,1.13,732914.1,778408.9,4.0
174,174,Rat1,Rattus norvegicus,Rattus,Murinae,Muridae,Myomorpha,Rodentia,Euarchontoglires,Rat,Fat sand rat,0.21,38.6621537,RL,1.2226,0.2481,3.087284391,2.394626764,3.167524092,1.4707,94785,3017,224,725,3966,4.184206362,117.6816854,46.3952451,50.98380949,48.6895273,0.30574,16.9285,1.31,968933.6,1081484.3,8.0
175,175,Rat2,Rattus norvegicus,Rattus,Murinae,Muridae,Myomorpha,Rodentia,Euarchontoglires,Rat,Fat sand rat,0.21,25.63740409,RL,1.18326,0.270921,3.073080183,2.43284267,3.162618466,1.454181,85432,3882,197,1594,5673,6.640368948,120.8523242,47.98833892,51.7641451,49.87624201,0.28114,15.915,1.34,880255.0,940042.6,8.0
176,176,Rat3,Rattus norvegicus,Rattus,Murinae,Muridae,Myomorpha,Rodentia,Euarchontoglires,Rat,Fat sand rat,0.21,27.4351202,RL,1.1077,0.117,3.044422156,2.068185862,3.088029718,1.2247,68439,4570,387,236,5193,7.587778898,123.5128216,49.6916599,49.39357211,49.542616,0.27052,14.3185,1.44,790932.75,857861.6,8.0
177,177,Rat4,Rattus norvegicus,Rattus,Murinae,Muridae,Myomorpha,Rodentia,Euarchontoglires,Rat,Fat sand rat,0.21,61.2619483,RL,1.07929,0.11893,3.033138153,2.075291419,3.078536564,1.19822,75324,2403,241,1508,4152,5.512187351,118.9764239,48.28082203,52.31669486,50.29875845,0.25599,13.1275,1.39,797501.8,902000.4,8.0
178,178,Rat5,Rattus norvegicus,Rattus,Murinae,Muridae,Myomorpha,Rodentia,Euarchontoglires,Rat,Fat sand rat,0.21,44.07306874,RL,1.19848,0.09707,3.078630791,1.98708503,3.112454179,1.29555,69798,2510,167,861,3538,5.068913149,113.1316926,44.28785135,46.80379729,45.54582432,0.25084,12.7385,1.63,867046.8,946303.5,8.0
179,179,Rat6,Rattus norvegicus,Rattus,Murinae,Muridae,Myomorpha,Rodentia,Euarchontoglires,Rat,Fat sand rat,0.22,54.40253425,RL,1.058,0.199,3.024485668,2.298853076,3.099335278,1.257,63695,2217,177,1162,3556,5.582855797,116.4602501,45.88423627,46.06439795,45.97431711,0.29864,14.572,1.48,904868.7,1172138.2,8.0
180,180,RedKangaroo1,Macropus rufus,Macropus,Macropodinae,Macropodidae,MacropodiformesPotoroidae,Marsupialia,No placenta,Red Kangaroo,Red Kangaroo,0.64,36.12126305,RL,29.3,6.41,4.46686762,3.80685803,4.55278985,35.71,49073,0,6715,2367,9082,18.50712204,128.5841058,53.44761754,54.76072009,54.10416881,0.37173,22.559,0.73,736000.7,866475.1,3.0
181,181,RedKangaroo2,Macropus rufus,Macropus,Macropodinae,Macropodidae,MacropodiformesPotoroidae,Marsupialia,No placenta,Red Kangaroo,Red Kangaroo,0.685,40.59654468,RL,41.81,6.46,4.621280168,3.810232518,4.683677299,48.27,57623,0,6577,2873,9450,16.39970151,127.1324581,49.5037674,55.16641288,52.33509014,0.35085,21.253,1.07,856693.1,967374.2,3.0
182,182,RedKangaroo3,Macropus rufus,Macropus,Macropodinae,Macropodidae,MacropodiformesPotoroidae,Marsupialia,No placenta,Red Kangaroo,Red Kangaroo,0.6,45.96134696,RL,28.45,5.95,4.454082271,3.774516966,4.536558443,34.4,67329,0,4772,2574,7346,10.91060316,132.8915198,56.82649221,53.7874996,55.3069959,0.37684,22.911,0.86,782678.75,869171.3,3.0
183,183,RedNeckWallaby,Macropus rufogriseus,Macropus,Macropodinae,Macropodidae,MacropodiformesPotoroidae,Marsupialia,No placenta,Red Neck Wallaby,Red neck wallaby,0.51,39.17957359,RL,18.89,4.3,4.276231958,3.633468456,4.365300749,23.19,59987,0,6441,4016,10457,17.43211029,138.0217051,57.84258,60.38495108,59.11376554,0.39473,24.141,0.72,748113.35,886172.0,1.0
184,184,RedPanda,Ailurus fulgens,Ailurus,Ailurinae,Ailuridae,Caniformia,Carnivora,Laurasiatheria,Red Panda,Red panda,0.66,98.25514121,RL,34.8,6.49,4.541579244,3.812244697,4.615844883,41.29,38815,3607,62,954,4623,11.91034394,117.4716238,45.93943835,47.11362984,46.52653409,0.28282,15.6875,1.33,646526.8,697604.5,1.0
185,185,Rhinolophus,Rhinolophus ferrumequinum,Rhinolophus,Rhinolophinae,Rhinolophidae,Yinpterochiropteria,Chiroptera,Laurasiatheria,Rhinolophus,Greater horseshow bat,0.135,34.26537361,RL,0.2099,0.01863,2.322012439,1.270212855,2.35894322,0.22853,35192,2291,146,95,2532,7.194817004,109.145521,47.57803608,44.91851097,46.24827352,0.20417,11.458,1.44,669292.6,685567.8,1.0
186,186,Rhinopoma,Rhinopoma hardwickii,Rhinopoma,Rhinopomatidae,Rhinopomatidae,Microchiroptera,Chiroptera,Laurasiatheria,Rhinopoma,Greater mouse-tailed bat,0.145,26.0518827,RL,0.241,0.002512,2.382017043,0.400019635,2.386520368,0.243512,45520,1859,1878,1797,5534,12.1572935,113.605673,46.23794708,46.79667631,46.5173117,0.27424,14.9205,1.45,680401.9,758720.3,1.0
187,187,SandCat1,Felis margarita,Felis,Felinae,Felidae,Feliformia,Carnivora,Laurasiatheria,Sand Cat,Sand cat,0.49,33.84141411,RL,17.936,2.7012,4.253725595,3.431556741,4.314650773,20.6372,82870,6795,448,2039,9282,11.20067576,131.4583455,51.23892405,53.84407378,52.54149892,0.32125,18.1845,1.21,821278.65,882684.8,2.0
188,188,SandCat2,Felis margarita,Felis,Felinae,Felidae,Feliformia,Carnivora,Laurasiatheria,Sand Cat,Sand cat,0.68,74.21336022,RL,38.52,6.92,4.585686278,3.840106094,4.657438323,45.44,44438,3502,151,1183,4836,10.88257797,122.0198928,49.80353755,48.53204981,49.16779368,0.31076,18.2875,1.07,783915.45,792670.3,2.0
189,189,SandHedgeHog,Hemiechinus auritus,Hemiechinus,Erinaceinae,Erinaceidae,Erinaceomorpha,Eulipotyphla,Laurasiatheria,Sand Hedge Hog,Long-eared hedgehog,0.2,56.43008829,RL,1.0888,0.1688,3.036948112,2.227372442,3.099542529,1.2576,50990,2026,1078,2238,5342,10.47656403,120.5360415,46.10708484,47.02224257,46.56466371,0.29431,14.304,1.32,695677.35,826397.1,1.0
190,190,Sheep,Ovis aries,Ovis,Caprinae,Bovidae,Ruminantia,Cetartiodactyla,Laurasiatheria,Sheep,Domestic sheep,0.75,31.05765363,RL,86.32,22.06,4.936111432,4.343605508,5.034949147,108.38,78458,5116,51,191,5358,6.82913151,121.4730128,48.07382634,45.28974708,46.68178671,0.27115,14.592,1.54,683456.75,731202.9,1.0
191,191,Siamang1,Symphalangus syndactylus,Symphalangus,,Hylobatidae,Haplorrhini,Primates,Euarchontoglires,Siamang,Siamang,0.8,141.131949,RL,78.2,41.69,4.893206753,4.620031895,5.07878296,119.89,171690,15154,113,671,15938,9.283010076,115.3263285,46.94197908,48.2815811,47.61178009,0.29829,16.2755,1.35,893761.95,933280.1,1.0
192,192,SkinnyPig,Cavia porcellus,Cavia,Cavinae,Caviidae,Hystricomorpha,Rodentia,Euarchontoglires,Skinny Pig,"Guinea pig (hairlesscavia)",0.29,58.55551232,RL,2.7082,0.421,3.432680734,2.624282096,3.495433322,3.1292,51866,1606,390,1551,3547,6.838776848,111.6099528,42.60243182,46.60775059,44.6050912,0.29318,15.099,1.36,728850.3,824936.3,1.0
193,193,SpinyMouse,Acomys cahirinus,Acomys,Deomyinae,Muridae,Myomorpha,Rodentia,Euarchontoglires,Spiny Mouse,Cairo spiny mouse,0.165,18.48325434,RL,0.4529,0.114,2.656002321,2.056904851,2.753506457,0.5669,48624,1438,144,742,2324,4.779532741,121.4782119,44.07921845,51.54302456,47.81112151,0.30399,17.077,1.31,823575.15,885073.7,1.0
194,194,SquirrelMonkey1,Saimiri sciureus,Saimiri,Saimiriinae,Cebidae,Haplorrhini,Primates,Euarchontoglires,Squirrel Monkey,Common squirrel monkey,0.533,38.29919918,RL,24.73,2.3,4.393224116,3.361727836,4.431846046,27.03,65856,10259,971,592,11822,17.95128766,143.0143903,56.70162581,56.31342132,56.50752356,0.39153,22.905,0.79,755791.95,813975.3,1.0
195,195,StrippedDolphin1,Stenella coeruleoalba,Stenella,Delphinidae,Delphinidae,Odontoceti,Cetartiodactyla,Laurasiatheria,Stripped Dolphin,Stripped dolphin,1.9,154.8159483,LR,521.5,346.99,5.717254313,5.540316959,5.938764822,868.49,65543,6501,1,1800,8302,12.66649375,132.2753002,52.9888783,52.44327422,52.71607626,0.33294,18.5475,1.19,609375.05,699913.4,2.0
196,196,StrippedDolphin2,Stenella coeruleoalba,Stenella,Delphinidae,Delphinidae,Odontoceti,Cetartiodactyla,Laurasiatheria,Stripped Dolphin,Stripped dolphin,1.7,35.56183943,LR,541.96,168.25,5.733967234,5.225955073,5.851386783,710.21,62482,7689,1,4223,11913,19.06629109,133.9823456,58.27481155,57.69578104,57.9852963,0.35998,22.085,0.93,714808.55,833382.7,2.0
197,197,SturniraLilium,Sturnira lilium,Sturnira,Stenodermatinae,Phyllostomidae,Microchiroptera,Chiroptera,Laurasiatheria,Sturnira Lilium,Little yellow-shouldered bat,0.14,29.95780003,RL,0.325762,0.0407,2.512900423,1.609594409,2.564028947,0.366462,58464,3513,1037,670,5220,8.928571429,106.9891902,45.45200607,44.64631168,45.04915888,0.26835,14.389,1.46,726398.55,792000.2,1.0
198,198,TadaridaTeniotis1,Tadarida teniotis,Tadarida,Molossinae,Molossidae,Microchiroptera,Chiroptera,Laurasiatheria,Tadarida Teniotis,European free-tailed bat,0.16,26.09577721,RL,0.266068,0.118399,2.424992645,2.073348034,2.584859069,0.384467,22660,161,1575,546,2282,10.070609,118.6552902,50.83064547,43.23689775,47.03377161,0.32307,15.7375,1.19,875025.45,934777.0,2.0
199,199,TadaridaTeniotis2,Tadarida teniotis,Tadarida,Molossinae,Molossidae,Microchiroptera,Chiroptera,Laurasiatheria,Tadarida Teniotis,European free-tailed bat,0.145,33.81151492,RL,0.21046,0.00935,2.323169566,0.970811611,2.342047446,0.21981,34097,0,984,1757,2741,8.038830396,96.33802488,40.09196722,39.34502293,39.71849507,0.18803,9.383,1.76,612751.45,713983.9,2.0
200,200,TamarinCottonTop1,Saguinus oedipus,Saguinus,Saguinus,Callitrichidae,Haplorrhini,Primates,Euarchontoglires,Tamarin Cotton Top,Cotton-top tamarin,0.36,19.43524173,RL,8.54799,1.51898,3.931864005,3.181552056,4.002898774,10.06697,93525,10982,1503,1013,13498,14.43250468,143.6262402,57.70977997,51.77449073,54.74213535,0.3878,21.333,1.07,883984.35,991343.5,2.0
201,201,TamarinCottonTop2,Saguinus oedipus,Saguinus,Saguinus,Callitrichidae,Haplorrhini,Primates,Euarchontoglires,Tamarin Cotton Top,Cotton-top tamarin,0.36,28.15582447,RL,7.7657,0.9411,3.890180609,2.973635773,3.939858569,8.7068,77901,7078,1440,873,9391,12.05504422,141.5933886,58.72932496,55.87215064,57.3007378,0.39731,23.146,0.87,871700.85,981654.0,2.0
202,202,TamarinEmperor1,Emperor Tamarin,Saguinus,Saguinus,Callitrichidae,Haplorrhini,Primates,Euarchontoglires,Tamarin Emperor,Emperor tamarin,0.36,21.66711181,RL,8.0465,1.552,3.905607016,3.190891717,3.982203369,9.5985,88857,11014,986,436,12436,13.99552089,134.2860482,57.57698747,52.48503883,55.03101315,0.37564,21.7405,0.95,874964.3,959598.3,2.0
203,203,TamarinEmperor2,Emperor Tamarin,Saguinus,Saguinus,Callitrichidae,Haplorrhini,Primates,Euarchontoglires,Tamarin Emperor,Emperor tamarin,0.34,16.51949707,RL,8.42,0.935,3.925312091,2.970811611,3.971043792,9.355,94986,9175,2323,1405,12903,13.58410713,145.9597209,57.32308708,57.49368687,57.40838697,0.39698,21.8565,0.88,862749.15,1015118.5,2.0
204,204,TamarinGoldenHands,Golden Handed Tamarin,Saguinus,Saguinus,Callitrichidae,Haplorrhini,Primates,Euarchontoglires,Tamarin Golden Hands,Golden-handed tamarin,0.4,76.65570693,RL,8.01133,1.13043,3.903704621,3.053243675,3.961029816,9.14176,62986,5451,0,0,5451,8.654304131,115.9686803,46.74135659,44.53645877,45.63890768,0.31094,15.6975,1.44,734628.7,833239.9,1.0
205,205,Tapir1,Tapirus terrestris,Tapirus,,Tapiridae,Ceratomorpha,Perissodactyla,Laurasiatheria,Tapir,South American Tapir,0.8,58.23454215,RL,126.49,20.19,5.102056193,4.305136319,5.166370901,146.68,111751,12252,332,5788,18372,16.44012134,145.5726598,57.73532937,59.0675234,58.40142639,0.36983,21.4395,0.82,794875.8,883702.4,2.0
206,206,Tapir2,Tapirus terrestris,Tapirus,,Tapiridae,Ceratomorpha,Perissodactyla,Laurasiatheria,Tapir,South American Tapir,0.83,87.90555592,RL,88.62,102.3,4.947531746,5.009875634,5.280851426,190.92,253462,15648,1,1787,17436,6.879137701,131.4522214,51.11575727,50.42817043,50.77196385,0.25986,13.924,1.49,696432.05,771777.0,2.0
207,207,ThomsonGazelle,Eudorcas thomosonii,Eudorcas,Antilopinae,Bovidae,Ruminantia,Cetartiodactyla,Laurasiatheria,Thomson Gazelle,Thomson gazelle,0.75,108.431854,RL,56.003,11.79,4.748211292,4.071513805,4.831184853,67.793,47981,2267,62,211,2540,5.293762114,125.6334123,45.57697722,50.10660004,47.84178863,0.31599,17.3855,1.25,704869.4,734035.0,1.0
208,208,Tiger,Panthera tigris tigris,Panthera,Pantherinae,Felidae,Feliformia,Carnivora,Laurasiatheria,Tiger,Bengal Tiger,1.338,46.55565889,LR,159.89,85.6,5.203821303,4.932473765,5.390033806,245.49,47745,5135,54,431,5620,11.77086606,122.2634969,48.00338996,48.09624662,48.04981829,0.29886,15.864,1.34,694111.9,733805.2,1.0
209,209,VampireBat1,Desmodus rotundus,Desmodus,Desmodontinae,Phyllostomidae,Microchiroptera,Chiroptera,Laurasiatheria,Vampire Bat,"Common vampirebat",0.175,20.06811803,RL,0.4963,0.093725,2.695744275,1.971855449,2.770870414,0.590025,43164,498,545,692,1735,4.019553331,103.336147,42.77424979,43.43801296,43.10613138,0.26553,13.7665,1.57,768099.0,828658.8,2.0
210,210,VampireBat2,Desmodus rotundus,Desmodus,Desmodontinae,Phyllostomidae,Microchiroptera,Chiroptera,Laurasiatheria,Vampire Bat,"Common vampirebat",0.175,22.38896536,RL,0.631634,0.011121,2.800465499,1.046143841,2.808045464,0.642755,50858,1400,1030,1090,3520,6.921231665,119.3880882,42.75474325,50.30406131,46.52940228,0.26212,13.321,1.55,671753.2,742545.9,2.0
211,211,Vervet,Vervet,Chlorocebus,Cercopithecinae,Cercopithecidae,Haplorrhini,Primates,Euarchontoglires,Vervet,Vervet monkey,0.7,136.7410277,RL,34.72,31.04,4.540579717,4.491921713,4.817961805,65.76,71267,9543,465,1725,11733,16.4634403,137.4824448,56.96619725,57.33988132,57.15303929,0.35355,21.1415,0.88,770634.55,831944.5,1.0
212,212,Vole,Microfus arvalis,Microfus,Arvicolinae,Cricetidae,Myomorpha,Rodentia,Euarchontoglires,Vole,Gunther's vole,0.155,29.96800688,RL,0.43922,0.030685,2.642682108,1.486926128,2.672010066,0.469905,59999,1062,732,1892,3686,6.143435724,127.5721216,50.57124131,48.3681028,49.46967206,0.32878,16.2935,1.25,700608.0,856166.2,1.0
213,213,WildBoar1,Sus Scrofa,Sus,Suinae,Suidae,Suina,Cetartiodactyla,Laurasiatheria,Wild Boar,Wild boar,0.85,84.16259064,RL,91.63,16.62,4.962037687,4.220631019,5.034427905,108.25,52849,6113,160,968,7241,13.70129993,128.5128984,51.02107535,52.22194579,51.62151057,0.33327,20.0115,1.1,720759.0,744550.3,4.0
214,214,WildBoar2,Sus Scrofa,Sus,Suinae,Suidae,Suina,Cetartiodactyla,Laurasiatheria,Wild Boar,Wild boar,0.9,116.7248092,LR,112.05,23.34,5.049411861,4.368100852,5.131586588,135.39,104783,8031,449,2753,11233,10.72025042,131.2334086,51.82695707,49.88088297,50.85392002,0.31385,18.072,1.27,792113.35,824214.8,4.0
215,215,Wilderbeest,Wilderbeest,Connochaetes,Alcelaphinae,Bovidae,Ruminantia,Cetartiodactyla,Laurasiatheria,Wilderbeest,Wilderbeest (gnu),1.396,23.90347114,LR,250.38,65.69,5.398599635,4.817499262,5.499783276,316.07,241092,19728,1,2116,21845,9.060856437,110.2651249,44.17479945,44.1081116,44.14145552,0.26479,15.335,1.49,622087.2,635617.2,1.0
216,216,WildRabbit1,Oryctolagus cuniculus,Oryctolagus,Leporidae,Leporidae,,Lagomorpha,Euarchontoglires,Wild Rabbit,European Rabbit,0.413,66.18890193,RL,6.408099,1.305768,3.806729213,3.115866021,3.887272147,7.713867,37693,1273,1816,326,3415,9.060037673,120.6953585,47.60045951,50.35962186,48.98004068,0.31047,16.473,1.28,710430.05,789957.0,4.0
217,217,WildRabbit2,Oryctolagus cuniculus,Oryctolagus,Leporidae,Leporidae,,Lagomorpha,Euarchontoglires,Wild Rabbit,European Rabbit,0.34,48.06557323,RL,6.97,1.13,3.843232778,3.053078443,3.908485019,8.1,130400,7528,6519,846,14893,11.42101227,123.8342123,47.19650896,51.66984468,49.43317682,0.35454,19.99,1.1,857024.2,1043080.9,4.0
218,218,WildRabbit3,Oryctolagus cuniculus,Oryctolagus,Leporidae,Leporidae,,Lagomorpha,Euarchontoglires,Wild Rabbit,European Rabbit,0.33,33.51538642,RL,6.31,0.93,3.800029359,2.968482949,3.859738566,7.24,120365,4540,712,2200,7452,6.191168529,130.2957719,48.40469751,51.04823316,49.72646533,0.32187,16.914,1.3,792675.4,898937.3,4.0
219,219,WildRat1,Rattus norvegicus,Rattus,Murinae,Muridae,Myomorpha,Rodentia,Euarchontoglires,Wild Rat,Brown Rat,0.185,24.07451575,RL,0.9342,0.197895,2.970439863,2.296434821,3.053882872,1.132095,114948,3095,422,2190,5707,4.964853673,131.0525379,52.03268259,53.08824423,52.56046341,0.34425,18.5195,1.2,982592.05,1175746.6,8.0
220,220,WildRat2,Rattus norvegicus,Rattus,Murinae,Muridae,Myomorpha,Rodentia,Euarchontoglires,Wild Rat,Brown Rat,0.15,35.22527412,RL,0.635,0.1433,2.802773725,2.15624619,2.89114703,0.7783,166884,3167,425,730,4322,2.589822871,112.1683206,42.08012342,49.4824765,45.78129996,0.24149,13.0815,1.58,772851.3,895101.5,8.0
221,221,Wolf1,Canis lupus,Canis,Caninae,Canidae,Caniformia,Carnivora,Laurasiatheria,Wolf,Gray wolf,0.66,51.28060348,RL,79.58,9.61,4.900803935,3.982723388,4.950316164,89.19,120033,18846,226,519,19591,16.32134496,136.944798,59.49849926,56.42850821,57.96350373,0.35114,21.5665,0.93,844924.05,897806.1,1.0
222,222,Wolf2,Canis lupus  ,Canis,Caninae,Canidae,Caniformia,Carnivora,Laurasiatheria,Wolf,Gray wolf,0.8,91.41729096,RL,101.04,6.46,5.004493338,3.810232518,5.031408464,107.5,64582,8161,20,406,8587,13.2962745,132.2398427,50.40883381,53.70197564,52.05540473,0.33439,18.579,1.23,761603.7,807658.7,2.0
223,223,Wolf3,Canis lupus  ,Canis,Caninae,Canidae,Caniformia,Carnivora,Laurasiatheria,Wolf,Gray wolf,0.81,77.42613663,RL,75.76,14.61,4.879439966,4.164650216,4.956024282,90.37,43823,3891,326,1066,5283,12.05531342,120.0198754,50.43560703,48.82300962,49.62930833,0.31674,18.5615,1.25,713760.3,725803.0,2.0
224,224,Zebra,Equus zebra,Equus,Equinae,Equidae,Hippomorpha,Perissodactyla,Laurasiatheria,Zebra,Grant's zebra,1.598,40.66296252,LR,422.84,125.09,5.626176064,5.097222593,5.738725079,547.93,44282,7301,1,734,8036,18.14732849,121.2308423,54.73775217,47.47501558,51.10638387,0.31252,17.329,1.25,741876.25,772759.3,1.0
